River,Location,pH,Turbidity,Temperature,DO,BOD,EC,Nitrate,Fecal_Coliform,City,Latitude,Longitude
Kaveri,E,7.8,10.44,31.2,3.61,5.66,356.7,5.97,4899,Thanjavur,10.787,79.1378
Godavari,B,8.46,4.64,34.42,9.27,1.34,546.48,7.62,4957,Nanded,19.16,77.31
Narmada,D,8.65,5.83,15.12,8.08,6.12,398.64,5.29,385,Vadodara,22.3072,73.1812
Kaveri,B,6.68,13.84,17.32,7.41,9.29,522.94,28.74,733,Mysuru,12.2958,76.6394
Brahmaputra,E,6.64,5.07,31.97,4.41,9.72,387.2,25.65,1923,Dhubri,26.0222,89.9856
Mahanadi,E,7.83,7.58,33.31,3.47,5.86,191.47,6.99,4307,Paradip,20.316,86.6103
Narmada,A,7.23,13.46,21.65,8.05,5.12,430.92,9.89,2502,Amarkantak,22.6744,81.7597
Narmada,E,8.52,10.91,13.16,5.79,9.51,446.44,6.38,1952,Bharuch,21.7051,72.9959
Kaveri,A,8.7,1.87,12.91,3.81,7.06,657.95,14.81,4014,Kodagu,12.3375,75.8069
Yamuna,D,7.06,3.06,25.2,6.93,1.58,601.64,0.69,2354,Agra,27.1767,78.0081
Brahmaputra,B,6.71,1.11,21.04,2.32,5.19,547.84,20.17,1341,Tezpur,26.633,92.8
Kaveri,B,8.34,9.83,12.66,4.61,3.16,135.04,15.74,4598,Mysuru,12.2958,76.6394
Brahmaputra,A,6.82,7.27,25.41,5.75,5.23,590.46,26.97,347,Dibrugarh,27.4728,94.911
Brahmaputra,B,8.47,2.88,12.26,3.18,5.1,425.23,5.02,1875,Tezpur,26.633,92.8
Mahanadi,E,7.27,14.41,30.11,9.88,6.24,720.57,24.14,3147,Paradip,20.316,86.6103
Narmada,C,8,8.42,19.05,3.67,4.21,739.9,23.78,801,Hoshangabad,22.7441,77.7369
Godavari,A,6.29,4.39,12.93,3.04,2.48,91.37,3.9,3621,Nashik,19.9975,73.7898
Mahanadi,B,7.87,8.01,25.53,3.63,5.53,665.48,12.02,3710,Sambalpur,21.4669,83.9812
Mahanadi,A,7.36,10.51,21.15,8.15,8.47,78.27,5.19,1526,Raipur,21.2514,81.6296
Brahmaputra,A,7.76,2.07,34.4,5.4,6.98,325.38,7.72,3963,Dibrugarh,27.4728,94.911
Krishna,C,6.5,4.85,24.52,6.52,4.05,456.72,7.97,3918,Vijayawada,16.5062,80.648
Narmada,E,8.21,12.3,18.33,2.17,9.42,161.08,16.73,2683,Bharuch,21.7051,72.9959
Yamuna,A,8.59,7.44,28.32,2.28,9.21,609.74,12.4,2132,Uttarkashi,30.7298,78.4434
Mahanadi,B,6.65,8.65,18.24,5.57,2.88,56.27,28.44,3795,Sambalpur,21.4669,83.9812
Godavari,D,6.29,7.06,32.8,8.53,1.35,176.45,3.88,68,Rajahmundry,17.0005,81.804
Krishna,A,6.07,1.61,20.62,9.08,7.67,485.6,29.21,2443,Mahabaleshwar,17.9307,73.6477
Krishna,A,7.93,3.32,24.65,2.69,8.45,585.79,7,2072,Mahabaleshwar,17.9307,73.6477
Yamuna,C,7.82,7.24,13.16,6.31,9.71,737.48,23.21,1264,Mathura,27.4924,77.6737
Mahanadi,E,7.64,3.93,21.8,9.31,9.01,579.12,10.24,3698,Paradip,20.316,86.6103
Godavari,D,6.7,1.7,31.14,5.1,6.4,553.83,4.38,3758,Rajahmundry,17.0005,81.804
Narmada,B,7.17,12.81,30.53,8.64,5.77,345.76,25.75,4140,Jabalpur,23.1815,79.9864
Ganga,D,7.78,14.74,17.16,3.07,1.25,50.96,9.33,4267,Varanasi,25.3176,82.9739
Godavari,B,7.49,12.1,17.2,9.48,3.22,140.12,19.8,3039,Nanded,19.16,77.31
Yamuna,E,8.96,12.95,30.8,8.01,5.14,450.92,17.04,2856,Prayagraj,25.4358,81.8463
Krishna,B,6.41,4.39,33.4,9.53,6.66,556.35,14.21,480,Sangli,16.8524,74.5815
Narmada,C,8.09,14.45,14.19,7.41,6.02,363.09,14.93,4045,Hoshangabad,22.7441,77.7369
Godavari,C,7.21,3.76,22.35,4.91,7.68,598.01,21.99,2909,Adilabad,19.6667,78.5333
Ganga,C,7.28,14.32,19.76,9.51,3.52,441.4,2.72,1456,Patna,25.5941,85.1376
Ganga,C,8.15,14.93,32.03,4.2,6.08,105.63,20.08,4453,Patna,25.5941,85.1376
Brahmaputra,D,8.08,10.96,13.92,4.66,1.79,194.01,26.88,4799,Goalpara,26.17,90.62
Brahmaputra,E,8.97,14.74,16.86,7.61,4.72,680,1.83,922,Dhubri,26.0222,89.9856
Kaveri,B,6.39,8.97,29.31,8.12,7.75,593.68,4.31,4252,Mysuru,12.2958,76.6394
Yamuna,B,6.31,4.63,13.18,9.44,7.24,721.07,21.53,1721,New Delhi,28.6139,77.209
Mahanadi,C,8.17,7.12,23.33,3.64,9.92,138.17,13.17,684,Cuttack,20.4625,85.8828
Godavari,C,7.74,9.31,22.17,8.38,3.5,792.67,12.17,1449,Adilabad,19.6667,78.5333
Godavari,A,6.82,2.02,19.69,7.91,5.48,207.06,4.2,2744,Nashik,19.9975,73.7898
Mahanadi,E,6.24,9.71,21.08,2.51,3.97,58.83,15.25,3640,Paradip,20.316,86.6103
Kaveri,D,6.26,14.74,24.19,5.1,4.97,798.07,3.88,695,Tiruchirappalli,10.7905,78.7047
Krishna,B,8.68,3.66,15.71,4.26,8.71,260.81,14.35,1136,Sangli,16.8524,74.5815
Krishna,A,6.58,12.1,25.16,4.44,7.16,551.01,22.93,4226,Mahabaleshwar,17.9307,73.6477
Kaveri,A,6.97,13.71,30.52,9.86,8.94,182.51,7.82,2476,Kodagu,12.3375,75.8069
Krishna,B,6.68,14.21,29.48,7.14,2.83,485.17,14.48,2407,Sangli,16.8524,74.5815
Brahmaputra,D,7.06,14.44,15.54,7.74,8.86,728.03,29.76,4147,Goalpara,26.17,90.62
Godavari,A,6.21,8.3,15.43,9.81,1.54,290.14,20.63,3448,Nashik,19.9975,73.7898
Kaveri,A,7.56,14.68,18.17,5.02,9,552.69,25.26,4134,Kodagu,12.3375,75.8069
Godavari,E,6.2,11.6,20.3,8.41,3.96,190.93,12.5,975,Kakinada,16.9891,82.2475
Mahanadi,D,8.4,3.26,21.39,5.48,3.83,518.6,23.06,929,Bhubaneswar,20.2961,85.8245
Ganga,A,6.7,7.68,27.63,8.96,5.61,302.34,1.31,4923,Rishikesh,30.0869,78.2676
Brahmaputra,D,7.62,11.06,13.3,3.45,9.47,208.41,3.78,2882,Goalpara,26.17,90.62
Narmada,B,8.64,4.46,12.8,9.58,1.43,284.89,6.17,1518,Jabalpur,23.1815,79.9864
Brahmaputra,C,7.95,9.97,21.01,3.75,4.17,184.13,12.12,1222,Guwahati,26.1445,91.7362
Kaveri,A,7.6,10.33,28.03,4.61,8.71,726.44,25.39,881,Kodagu,12.3375,75.8069
Narmada,E,6.97,3.28,16.45,8.05,4.56,347.89,10.45,4400,Bharuch,21.7051,72.9959
Ganga,B,7,8.91,26.75,5.15,2.79,233.96,19.67,3264,Kanpur,26.4499,80.3319
Kaveri,D,8.01,11.8,17.98,6.87,4.82,386.31,21.31,873,Tiruchirappalli,10.7905,78.7047
Yamuna,B,8.98,7.98,32.38,5.56,4.47,290.4,17.63,3963,New Delhi,28.6139,77.209
Godavari,A,7.99,1.17,32.6,7.94,9.24,608.31,10.78,3118,Nashik,19.9975,73.7898
Ganga,D,7.67,1.13,18.84,3.83,7.86,778.41,17.35,3065,Varanasi,25.3176,82.9739
Godavari,C,8.19,6,17.29,2.47,5.55,378.53,10.33,4004,Adilabad,19.6667,78.5333
Krishna,B,7.4,13.97,21.46,4.4,9.9,695.78,2.61,2692,Sangli,16.8524,74.5815
Yamuna,A,6.18,4.2,17.53,5.79,5.19,474.4,29.78,4700,Uttarkashi,30.7298,78.4434
Yamuna,E,7.69,9.88,27.46,3.34,1.52,167.93,3.9,623,Prayagraj,25.4358,81.8463
Ganga,D,8.87,4.11,31,4.84,3.36,567.97,2.26,1882,Varanasi,25.3176,82.9739
Yamuna,B,6.53,5.5,27.48,5.2,4.92,435.08,26.37,3164,New Delhi,28.6139,77.209
Narmada,B,8.07,12.87,30.96,2.46,2.41,537.95,9.12,4570,Jabalpur,23.1815,79.9864
Yamuna,C,6.6,11.2,21.13,6.67,9.53,717.27,19.54,3383,Mathura,27.4924,77.6737
Godavari,C,7.61,2.34,15.6,9.07,7.9,380.33,9.94,3201,Adilabad,19.6667,78.5333
Godavari,E,6.29,7,28.97,3.21,3.41,725.88,11.8,577,Kakinada,16.9891,82.2475
Kaveri,E,7.35,1.41,20.29,6.78,6.32,613,7.94,4143,Thanjavur,10.787,79.1378
Godavari,A,8.27,7.73,27.44,7.32,7.49,416.45,10.36,254,Nashik,19.9975,73.7898
Kaveri,A,7.04,10.27,18.22,5.35,9.47,502.42,12.38,30,Kodagu,12.3375,75.8069
Godavari,E,7.99,2.66,13.87,7.61,8.93,294.19,21.64,403,Kakinada,16.9891,82.2475
Narmada,E,8.39,5.04,34.83,5.29,5.64,787.7,15.39,3824,Bharuch,21.7051,72.9959
Mahanadi,D,8.78,6.57,15.59,6.04,7.97,550.51,28.31,2065,Bhubaneswar,20.2961,85.8245
Kaveri,C,6.7,13.87,34.73,2.06,6.06,82.89,1.35,3525,Erode,11.341,77.7172
Brahmaputra,A,7.2,14.91,34.48,7.53,5.97,294.97,15.14,2385,Dibrugarh,27.4728,94.911
Krishna,C,6.46,1.63,30.26,7.29,2.03,517.49,17.57,1920,Vijayawada,16.5062,80.648
Ganga,C,8.98,11.65,27.17,2.31,2.14,92.25,27.61,299,Patna,25.5941,85.1376
Godavari,E,8.78,6.2,25.29,4.95,5.77,67.91,1.57,2568,Kakinada,16.9891,82.2475
Yamuna,D,7.62,6.49,31.92,9.83,3.42,387.52,17.25,370,Agra,27.1767,78.0081
Mahanadi,B,8.53,11.56,18.66,5.37,1.19,299.52,25.62,1632,Sambalpur,21.4669,83.9812
Godavari,D,7.56,13.86,22.76,6.02,7.51,378.72,7.33,4324,Rajahmundry,17.0005,81.804
Yamuna,D,7.87,14.31,26.25,9.28,1.29,247.02,26.3,4104,Agra,27.1767,78.0081
Krishna,C,6.27,9.08,21.46,7.74,6.36,173.54,0.67,2463,Vijayawada,16.5062,80.648
Krishna,D,8.27,6,21.83,6.66,5.85,566.86,22,2025,Guntur,16.3067,80.4365
Krishna,A,6.38,12.03,19.6,8.38,9.72,435.93,28,2050,Mahabaleshwar,17.9307,73.6477
Yamuna,C,8.48,4.51,24.98,8.91,5.36,200.12,19.75,2054,Mathura,27.4924,77.6737
Godavari,A,8.35,8.9,31.56,5.66,1.57,289.69,13.23,2810,Nashik,19.9975,73.7898
Krishna,B,8.13,6.02,16.64,5.8,5.97,493.86,1.44,2980,Sangli,16.8524,74.5815
Narmada,C,6.11,10.19,33.49,5.09,8.57,104.17,27.61,841,Hoshangabad,22.7441,77.7369
Kaveri,B,6.91,4.37,27.85,9.73,9.97,160.59,14.16,1803,Mysuru,12.2958,76.6394
Yamuna,C,6.79,3.68,30.94,7.58,4.87,104.93,0.97,3702,Mathura,27.4924,77.6737
Yamuna,E,7.08,13.86,24.79,2.67,3.88,659.24,20.73,1801,Prayagraj,25.4358,81.8463
Godavari,D,6.26,2.43,29.93,8.9,9.16,614.31,14.51,2851,Rajahmundry,17.0005,81.804
Yamuna,E,8.81,8.08,12.37,5.84,2.72,614.98,3.82,4700,Prayagraj,25.4358,81.8463
Yamuna,B,7.66,4.09,30.82,2.55,6.54,587.24,6.51,2164,New Delhi,28.6139,77.209
Krishna,D,6.92,1.55,12.92,6.4,4.65,552.04,2.03,590,Guntur,16.3067,80.4365
Godavari,C,7.19,1.5,32.47,5.34,1.37,407.74,17.27,2863,Adilabad,19.6667,78.5333
Krishna,D,7.34,3.45,34.82,9.02,4.13,531.71,18.7,2246,Guntur,16.3067,80.4365
Kaveri,A,7.8,13.13,18.76,3.63,3.39,78.77,15.22,4186,Kodagu,12.3375,75.8069
Mahanadi,D,7.55,4.95,16.84,8.61,7.17,516.1,24.53,2165,Bhubaneswar,20.2961,85.8245
Kaveri,A,8.76,14.31,29.6,6.46,9.54,633.41,25.84,1354,Kodagu,12.3375,75.8069
Mahanadi,D,7.49,9.14,17.82,2.44,3.41,425.27,18.51,355,Bhubaneswar,20.2961,85.8245
Krishna,A,8.98,7.11,31.91,9.77,8.3,318.13,0.48,1896,Mahabaleshwar,17.9307,73.6477
Kaveri,B,8.55,9.12,14.37,6.1,1.5,258.07,20.89,564,Mysuru,12.2958,76.6394
Godavari,E,6.63,8.23,14.9,4.33,5.84,532.1,12.6,3780,Kakinada,16.9891,82.2475
Ganga,C,8.79,11.62,34.52,5.76,1.63,569.6,17.01,4407,Patna,25.5941,85.1376
Krishna,D,6.35,4.95,27.5,8.86,9.41,703.23,19.51,209,Guntur,16.3067,80.4365
Mahanadi,E,8.45,5.94,31.48,4.44,7.9,306.75,10.57,2950,Paradip,20.316,86.6103
Narmada,C,7.14,13.52,19.46,3.54,6.92,627.33,27.52,3500,Hoshangabad,22.7441,77.7369
Mahanadi,C,8.63,14.25,27.56,3.03,8.42,471.02,4.11,316,Cuttack,20.4625,85.8828
Narmada,A,8.6,13.5,25.67,4.38,6.83,712.13,20.18,3085,Amarkantak,22.6744,81.7597
Yamuna,B,8.42,6.87,25.87,8.24,9.72,445.86,0.23,1666,New Delhi,28.6139,77.209
Kaveri,B,8.37,11.93,27.7,5.77,7.43,438.22,27.75,2702,Mysuru,12.2958,76.6394
Narmada,E,6.91,7.67,25.23,3.82,9.32,483.41,3.46,1774,Bharuch,21.7051,72.9959
Mahanadi,B,6.24,7.97,21.87,3.33,5.65,611.99,2.94,285,Sambalpur,21.4669,83.9812
Yamuna,D,7.21,3.87,18.35,4.66,2.05,773.52,10.06,3371,Agra,27.1767,78.0081
Ganga,B,6.52,9.28,29.68,9.52,5.75,105.17,11.27,1411,Kanpur,26.4499,80.3319
Godavari,E,8.08,3.61,17.2,4.74,2.14,90.08,6.51,4743,Kakinada,16.9891,82.2475
Godavari,B,7.04,5.64,27.92,9.9,6.33,753.16,17.6,1785,Nanded,19.16,77.31
Godavari,D,8.93,12.97,17.37,5.88,5.34,447.41,13.34,3391,Rajahmundry,17.0005,81.804
Narmada,A,7.92,3.9,26.38,3.43,6.6,511.18,1.12,4060,Amarkantak,22.6744,81.7597
Ganga,E,8.47,2,29.18,9.13,1.09,411.82,9.66,3470,Kolkata,22.5726,88.3639
Narmada,A,6.4,1.97,17.03,5.68,2.75,120.24,24.33,1890,Amarkantak,22.6744,81.7597
Kaveri,A,8.59,14.17,13.38,7.68,5.42,626.07,20.72,3845,Kodagu,12.3375,75.8069
Narmada,A,8.77,8.1,15.01,9.87,9.55,610.42,21.77,4288,Amarkantak,22.6744,81.7597
Ganga,C,7.46,6.73,25.94,2.4,4.45,283.78,20.97,1854,Patna,25.5941,85.1376
Ganga,C,7.82,12.35,31.54,2.77,4.82,279.68,9.4,3387,Patna,25.5941,85.1376
Kaveri,A,8.29,12.7,13.03,7.76,7.43,678.38,3.08,81,Kodagu,12.3375,75.8069
Ganga,E,6.52,5.65,28.89,4.25,6.43,104.27,8.25,1686,Kolkata,22.5726,88.3639
Mahanadi,D,7.51,10.71,19.85,3.47,3.69,710.83,24.97,1305,Bhubaneswar,20.2961,85.8245
Ganga,D,7.2,11.8,23.01,2.31,4.7,242.5,29.42,1053,Varanasi,25.3176,82.9739
Godavari,B,6.44,10.17,33.36,2.17,2.96,494.74,14.87,2635,Nanded,19.16,77.31
Mahanadi,E,7.1,3.12,19.64,8.2,9.69,752,0.39,3052,Paradip,20.316,86.6103
Mahanadi,C,6.2,13.26,22.7,3.08,2.18,558.59,4.29,824,Cuttack,20.4625,85.8828
Kaveri,A,6.08,8.55,12.31,5.74,4.35,360.82,9.73,2204,Kodagu,12.3375,75.8069
Brahmaputra,B,6.41,4.95,13.88,6.85,1.23,567.15,17.4,3510,Tezpur,26.633,92.8
Brahmaputra,D,8.89,6.95,17.95,5.43,3,307.98,2.35,319,Goalpara,26.17,90.62
Ganga,C,7.65,1.53,12.64,2.22,8.02,257.94,28.31,2071,Patna,25.5941,85.1376
Mahanadi,C,8.9,2.79,26.52,8.27,2.81,797.51,11.02,4237,Cuttack,20.4625,85.8828
Brahmaputra,A,7.3,11.72,21.81,2.08,1.72,613.09,27.39,1887,Dibrugarh,27.4728,94.911
Brahmaputra,D,6.94,1,24.61,8.1,5.27,533.54,23.44,2812,Goalpara,26.17,90.62
Ganga,E,7.52,6.83,16.02,9.15,1.09,316.47,22.69,2496,Kolkata,22.5726,88.3639
Brahmaputra,C,7.32,8.32,18.81,5.46,1.76,86.87,18.24,4845,Guwahati,26.1445,91.7362
Narmada,A,6.32,1.76,27.27,6.28,8.27,73.29,18.84,3755,Amarkantak,22.6744,81.7597
Yamuna,E,7.92,14.62,34.2,5.82,7.94,465.64,19.18,804,Prayagraj,25.4358,81.8463
Kaveri,D,6.65,4.17,13.16,5.11,9.24,621.52,18.9,4024,Tiruchirappalli,10.7905,78.7047
Yamuna,C,7.86,5.26,32.48,9.1,8.69,453.03,16.66,4363,Mathura,27.4924,77.6737
Ganga,E,7.95,5.26,25.27,9.15,7.15,680.59,29.59,3417,Kolkata,22.5726,88.3639
Godavari,E,6.46,4.23,24.97,4.69,1.47,75.07,22,2466,Kakinada,16.9891,82.2475
Kaveri,E,6.18,1.02,23.51,6.92,8.05,325.06,23.33,1861,Thanjavur,10.787,79.1378
Ganga,C,8.34,11.21,13.6,9.42,8.61,227.8,26.19,984,Patna,25.5941,85.1376
Mahanadi,C,7.38,14.54,14.07,9.7,8.19,385.45,6.55,1057,Cuttack,20.4625,85.8828
Godavari,B,6.17,4.14,25.82,6.07,5.58,104.28,2.61,4376,Nanded,19.16,77.31
Yamuna,D,8.98,10.28,19.84,5.62,3.1,765.6,14.54,4247,Agra,27.1767,78.0081
Ganga,A,6.17,11.39,33.1,4.23,8.61,217.44,15.47,3799,Rishikesh,30.0869,78.2676
Mahanadi,E,8.09,12.88,21.35,9.67,7.54,741.73,24.89,3031,Paradip,20.316,86.6103
Kaveri,B,8.95,6.92,15.3,3.14,9.83,369.42,13.37,4379,Mysuru,12.2958,76.6394
Kaveri,A,6.72,5.24,28.44,6.64,2.4,789.14,17.17,4039,Kodagu,12.3375,75.8069
Krishna,B,6.43,5.55,18.75,4.26,3.03,465.54,15.86,474,Sangli,16.8524,74.5815
Mahanadi,C,6.36,10.98,24.09,4.23,2.91,748.12,1.24,297,Cuttack,20.4625,85.8828
Narmada,E,6.91,12.43,28.05,5.24,8.13,54.01,18.49,3205,Bharuch,21.7051,72.9959
Brahmaputra,A,6.3,3.54,32.71,9.99,2.68,611.18,24.86,885,Dibrugarh,27.4728,94.911
Godavari,A,8.08,6.19,30.22,2.44,1.6,727.29,4.81,2002,Nashik,19.9975,73.7898
Mahanadi,A,6.19,13.63,27.56,6.63,9.99,154.79,17.87,2935,Raipur,21.2514,81.6296
Krishna,A,7.53,12.29,27.63,2.66,1.22,122.09,17.85,1130,Mahabaleshwar,17.9307,73.6477
Brahmaputra,A,8.99,14.79,33.76,3.24,8.52,368.43,5.01,456,Dibrugarh,27.4728,94.911
Brahmaputra,B,8.44,11.56,18.8,5.52,4.29,750.26,3.79,2842,Tezpur,26.633,92.8
Ganga,E,7.85,6.5,12.03,6.08,8.57,456.79,29.4,3578,Kolkata,22.5726,88.3639
Brahmaputra,C,6.92,9.27,18.25,4.07,5.99,445.59,11.87,2906,Guwahati,26.1445,91.7362
Narmada,C,7.87,10.25,17.01,4.53,9.11,155.84,6.9,731,Hoshangabad,22.7441,77.7369
Kaveri,C,7.58,2.1,27.22,2.7,9.34,50.59,5.22,2173,Erode,11.341,77.7172
Krishna,C,7.28,8.62,26.58,4.43,1.08,657.61,20.06,2592,Vijayawada,16.5062,80.648
Brahmaputra,B,6.39,10.93,25.65,9.73,1.68,115.68,18.32,1361,Tezpur,26.633,92.8
Ganga,D,8.66,3.34,12.37,9.56,3.25,525.39,19.34,3990,Varanasi,25.3176,82.9739
Narmada,E,7.35,11.93,28.76,4.68,7.02,735.96,2.73,4512,Bharuch,21.7051,72.9959
Yamuna,A,6.58,9.17,19.44,6.57,8.99,206.49,26.82,3394,Uttarkashi,30.7298,78.4434
Kaveri,D,7.1,14.33,27.3,9.28,5.14,548.95,11.74,1735,Tiruchirappalli,10.7905,78.7047
Kaveri,C,7.24,1.59,24.8,2.05,6.46,109.02,9.47,703,Erode,11.341,77.7172
Krishna,D,8.48,4.71,19.88,8.49,2.7,502.82,13.92,3423,Guntur,16.3067,80.4365
Kaveri,E,8.2,9.42,15.1,9.59,8.24,172.95,11.76,504,Thanjavur,10.787,79.1378
Brahmaputra,A,8.31,5.15,14.17,2.73,9.71,601.97,25.92,957,Dibrugarh,27.4728,94.911
Ganga,A,6.03,11,31.12,3.29,3.42,275.92,27.88,32,Rishikesh,30.0869,78.2676
Kaveri,E,7.25,11.63,33.12,9.69,5.45,397.54,9.17,1138,Thanjavur,10.787,79.1378
Kaveri,E,7.44,2.44,26.95,6.3,1.78,499.57,25.93,567,Thanjavur,10.787,79.1378
Yamuna,C,6.06,8.19,14.38,2.11,6.03,178.46,23.47,1626,Mathura,27.4924,77.6737
Yamuna,A,6.78,8.12,21.25,4.06,5.53,606.23,27.93,3740,Uttarkashi,30.7298,78.4434
Godavari,D,8.28,6.17,28.77,5.6,2.3,276.98,7.45,1666,Rajahmundry,17.0005,81.804
Narmada,B,6.41,14.06,29.94,7.54,4.98,546.78,17.35,4183,Jabalpur,23.1815,79.9864
Brahmaputra,B,7.61,12.59,14.72,7.87,4.01,168.71,8.31,816,Tezpur,26.633,92.8
Kaveri,E,6.65,10.76,12,9.96,5.7,566.09,24.74,3322,Thanjavur,10.787,79.1378
Mahanadi,C,6.04,11,28.38,4.3,6.27,146.14,0.26,4873,Cuttack,20.4625,85.8828
Kaveri,B,6.72,7.46,20.2,6.31,1.08,369.02,16.99,463,Mysuru,12.2958,76.6394
Ganga,A,8.93,13.89,17.85,6.27,7.85,235.4,10.24,2985,Rishikesh,30.0869,78.2676
Godavari,E,8.4,10.72,12.3,5.25,7.42,611.28,9.75,2334,Kakinada,16.9891,82.2475
Narmada,D,8.88,11.21,24.43,3.35,4.3,246.53,19.38,1457,Vadodara,22.3072,73.1812
Mahanadi,E,7.46,13.06,31.58,9.82,1.48,711.29,25.56,2571,Paradip,20.316,86.6103
Godavari,D,6.33,4.84,34.03,8.83,7.79,718.87,18.31,2521,Rajahmundry,17.0005,81.804
Krishna,E,7.64,12.3,25.01,5.99,9.6,197.33,25.61,2881,Machilipatnam,16.1875,81.1389
Narmada,E,7.36,3.73,23.83,6.83,3.16,510.38,8.01,372,Bharuch,21.7051,72.9959
Kaveri,E,8.53,5.83,13.96,3.82,3.91,115.79,15.63,3464,Thanjavur,10.787,79.1378
Kaveri,D,6.29,5.7,24.62,6.35,2.65,343.65,13.57,2808,Tiruchirappalli,10.7905,78.7047
Narmada,D,7.46,14.7,20.74,7.56,6.19,584.99,0.45,4630,Vadodara,22.3072,73.1812
Kaveri,E,6.45,12.99,25.96,6.12,2.39,544.57,16.75,3463,Thanjavur,10.787,79.1378
Brahmaputra,B,6.97,10.82,20.94,9.92,4.21,518.53,19.88,3265,Tezpur,26.633,92.8
Narmada,C,8.21,11.18,17.53,6.89,7.27,261.91,17.8,1227,Hoshangabad,22.7441,77.7369
Godavari,C,7.43,8.87,14.18,4.97,6.04,333.52,22.11,1495,Adilabad,19.6667,78.5333
Narmada,C,7.13,14.26,19.24,8.18,4.48,127.21,17.18,2113,Hoshangabad,22.7441,77.7369
Mahanadi,D,7.18,7.95,14.22,3.36,4.78,589.27,2.1,2546,Bhubaneswar,20.2961,85.8245
Kaveri,D,7.38,6.33,16.07,5.08,6.06,427.92,3.58,1865,Tiruchirappalli,10.7905,78.7047
Brahmaputra,B,8.36,3.28,34.71,4.78,1.05,581.57,17.93,4827,Tezpur,26.633,92.8
Brahmaputra,C,8.68,12.01,22.21,5.45,1.71,236.71,8.32,1217,Guwahati,26.1445,91.7362
Krishna,C,8.87,11.28,24.23,8.25,8.93,293.33,2.48,1458,Vijayawada,16.5062,80.648
Godavari,E,8.36,6.38,32.09,5.87,1.7,300.66,12.95,1517,Kakinada,16.9891,82.2475
Yamuna,D,6.95,1.35,34.9,8.35,7.36,69.31,16.67,1013,Agra,27.1767,78.0081
Yamuna,C,8.06,12.75,25.4,6.61,9.28,305.79,9.93,935,Mathura,27.4924,77.6737
Narmada,B,7.31,1.16,30.69,4.74,3.44,652.48,21.64,4961,Jabalpur,23.1815,79.9864
Krishna,B,6.76,10.85,19.52,8.48,4.33,722.97,19.35,93,Sangli,16.8524,74.5815
Ganga,C,8.52,14.58,19.03,3.91,6.12,438.66,10.05,3752,Patna,25.5941,85.1376
Narmada,D,6.12,7.13,21.26,3.8,8.94,391.63,22.67,3937,Vadodara,22.3072,73.1812
Krishna,B,8.71,4.29,27.47,6.04,9.48,73.12,19.5,1552,Sangli,16.8524,74.5815
Godavari,E,7.38,10.87,27.69,4.09,7.66,709.4,19.16,995,Kakinada,16.9891,82.2475
Godavari,B,7.91,12.44,19.25,2.07,1.78,59.76,16.65,4241,Nanded,19.16,77.31
Godavari,A,7.98,8.65,15.06,7.19,7.02,758.56,0.44,918,Nashik,19.9975,73.7898
Godavari,A,8.69,14.54,26.55,6.09,4.69,416.91,20.93,2918,Nashik,19.9975,73.7898
Godavari,D,7.91,1.72,14.95,5.56,5.24,306.45,11.34,4695,Rajahmundry,17.0005,81.804
Krishna,C,7.84,8.07,25.31,9.74,1.44,743.16,28.28,2747,Vijayawada,16.5062,80.648
Krishna,D,6.2,11.06,27.95,6.57,2.72,68.29,24.56,2596,Guntur,16.3067,80.4365
Brahmaputra,D,7.56,13.08,28.11,8.91,8.11,486.07,17.67,1153,Goalpara,26.17,90.62
Mahanadi,D,6.45,3.51,29.33,3.12,5.09,461.7,7.64,1341,Bhubaneswar,20.2961,85.8245
Yamuna,D,8.21,12.2,32.08,6.55,3.71,214.49,6.19,3358,Agra,27.1767,78.0081
Kaveri,E,7.54,8.74,23.5,8.94,4.46,371.67,10.28,1563,Thanjavur,10.787,79.1378
Godavari,E,8.04,6.55,28.8,6.66,8.69,539.2,14.35,2352,Kakinada,16.9891,82.2475
Ganga,B,6.13,2.84,26.24,7.74,7.74,595.35,8.95,1816,Kanpur,26.4499,80.3319
Kaveri,A,6.25,13.11,16.29,4.98,3.45,50.54,15.5,2110,Kodagu,12.3375,75.8069
Krishna,D,8.15,3.2,12.59,2.74,2.06,752.64,5.04,815,Guntur,16.3067,80.4365
Ganga,B,6.22,5.34,18.54,5.66,3.27,173.39,29.33,4157,Kanpur,26.4499,80.3319
Ganga,A,6.21,5.06,22.19,5.16,9.29,225.19,3.33,2785,Rishikesh,30.0869,78.2676
Ganga,C,6.04,13.2,26.19,8.94,6.23,247.61,27.97,81,Patna,25.5941,85.1376
Brahmaputra,E,8.87,10.42,31.55,3.95,5.8,78.37,27.42,37,Dhubri,26.0222,89.9856
Krishna,A,8.21,12.15,16.51,9.73,6.37,142.29,15.81,478,Mahabaleshwar,17.9307,73.6477
Ganga,C,7.06,4.51,14.89,9.67,4.29,789.76,21.77,3993,Patna,25.5941,85.1376
Godavari,A,6.89,9.75,34.16,3.98,8.26,286.41,13.14,773,Nashik,19.9975,73.7898
Narmada,E,7.05,9,14.49,4.78,5.71,136.48,18.94,1434,Bharuch,21.7051,72.9959
Ganga,E,8.32,12.66,23.01,9.16,2.05,130.24,10.28,2258,Kolkata,22.5726,88.3639
Brahmaputra,B,7.98,13.69,25.47,9.73,2.16,589.59,9.1,3842,Tezpur,26.633,92.8
Kaveri,D,6.56,1.17,24.45,5.55,5.83,690.93,17.39,4925,Tiruchirappalli,10.7905,78.7047
Krishna,A,6.52,10.44,13.98,4.57,9.43,242.71,14.99,4070,Mahabaleshwar,17.9307,73.6477
Mahanadi,A,6.3,1.73,13.31,6.21,3.78,65.68,17.43,4080,Raipur,21.2514,81.6296
Brahmaputra,C,7.98,8.68,14.43,7.5,8.83,217.32,8.67,1685,Guwahati,26.1445,91.7362
Ganga,E,8.29,5.03,25.47,4.19,7.88,92.39,11.07,569,Kolkata,22.5726,88.3639
Krishna,A,6.8,5.29,24.52,7.89,3.23,127.55,2.61,4484,Mahabaleshwar,17.9307,73.6477
Narmada,E,6.06,5.94,17.38,2.41,1.33,373.63,1.66,3841,Bharuch,21.7051,72.9959
Ganga,A,6.25,9.7,26.67,2.39,1.92,222.44,7.68,1928,Rishikesh,30.0869,78.2676
Brahmaputra,B,8.9,5.68,30.86,5.09,7.56,436.96,2.32,88,Tezpur,26.633,92.8
Yamuna,D,6.89,11.26,12.96,4.83,2.8,240.12,3.2,4939,Agra,27.1767,78.0081
Godavari,A,8.31,6.66,23.46,4.53,4.34,755.4,24.41,3657,Nashik,19.9975,73.7898
Mahanadi,E,7.87,1.96,27.85,5.93,5.52,729.46,1.26,1041,Paradip,20.316,86.6103
Kaveri,B,7.15,11.97,17.8,4.57,7.53,475.1,19.8,2082,Mysuru,12.2958,76.6394
Brahmaputra,A,6.62,5,19.08,3.54,2.02,315.82,8.25,4555,Dibrugarh,27.4728,94.911
Krishna,C,6.36,7.06,26.11,4.48,4.66,335.86,26.16,1494,Vijayawada,16.5062,80.648
Mahanadi,D,7.85,10.6,32.65,9.8,5.37,358.89,14.6,2255,Bhubaneswar,20.2961,85.8245
Mahanadi,A,8.32,5.65,30.63,5.29,5.87,595.68,9.24,1560,Raipur,21.2514,81.6296
Mahanadi,B,7.93,1.79,25.41,5.56,8.37,388.73,15.58,4795,Sambalpur,21.4669,83.9812
Ganga,C,7.59,6.23,28.8,6.61,2.55,692.55,11.52,4692,Patna,25.5941,85.1376
Godavari,B,6.13,14.22,20.39,9.87,8.27,758.07,16.97,1839,Nanded,19.16,77.31
Ganga,B,8.91,9.98,26.74,3.93,7.24,301.96,3.52,3761,Kanpur,26.4499,80.3319
Krishna,C,8.4,10.4,22.72,7.45,6,470.52,29.91,4732,Vijayawada,16.5062,80.648
Ganga,B,6.88,9.85,16.37,7.73,7.3,121.29,12.82,2041,Kanpur,26.4499,80.3319
Yamuna,C,8.94,3.79,28.14,6.86,4.71,200.35,10.51,4469,Mathura,27.4924,77.6737
Godavari,A,7.81,6.86,24.8,2.71,2.25,360.1,21.34,3866,Nashik,19.9975,73.7898
Godavari,C,7.75,11.51,20.25,7.41,6.99,204.65,10.98,2192,Adilabad,19.6667,78.5333
Krishna,C,8.24,2.42,32.96,2.51,5.72,707.42,25.01,4479,Vijayawada,16.5062,80.648
Kaveri,D,8.44,4.89,12.48,6.77,6.75,168.71,13.68,2104,Tiruchirappalli,10.7905,78.7047
Yamuna,C,7.97,4.87,19.26,7.92,4.04,391.75,21.61,3913,Mathura,27.4924,77.6737
Brahmaputra,C,6.38,7.05,13.31,3.69,9.16,504.27,3.31,3042,Guwahati,26.1445,91.7362
Ganga,A,7.01,14.73,29.63,8.73,6.29,568.9,25.4,1558,Rishikesh,30.0869,78.2676
Narmada,D,8.78,1.95,28.15,2.24,1.77,337.3,22.1,377,Vadodara,22.3072,73.1812
Ganga,E,6.67,8.26,19.62,8.75,5.05,701.82,6.43,74,Kolkata,22.5726,88.3639
Mahanadi,A,7.12,3.51,27.54,5.68,7.81,476.24,4.44,3309,Raipur,21.2514,81.6296
Ganga,A,7.3,14.59,21.11,3.74,8.15,379.63,9.56,4859,Rishikesh,30.0869,78.2676
Brahmaputra,E,7.32,2.59,29.39,3.07,5.45,100.43,29.28,2045,Dhubri,26.0222,89.9856
Ganga,C,7.84,6.65,22.45,9.63,9.05,398.52,7.78,2873,Patna,25.5941,85.1376
Yamuna,B,8.83,11.33,21.48,2.58,3.41,665.55,13.74,1886,New Delhi,28.6139,77.209
Yamuna,D,6.72,10.86,33.5,3.59,4.7,510.91,1,4861,Agra,27.1767,78.0081
Godavari,B,6.36,6.92,17.77,4.78,9.09,674.12,11.98,2238,Nanded,19.16,77.31
Krishna,E,6.59,5.85,14.77,6.96,9.07,420.51,17.18,606,Machilipatnam,16.1875,81.1389
Kaveri,A,8.66,6.57,25.44,6.36,7.17,138.85,28.6,3616,Kodagu,12.3375,75.8069
Narmada,A,7.94,4.7,34.29,3.01,8.73,60.23,15.55,2684,Amarkantak,22.6744,81.7597
Mahanadi,D,6.86,3.87,20.69,4.32,1.8,277.41,24.59,3899,Bhubaneswar,20.2961,85.8245
Ganga,A,8.45,7.76,13.43,3.91,8.78,573.49,16.46,3516,Rishikesh,30.0869,78.2676
Ganga,A,8.58,4.76,19.8,3.71,3.89,642.69,1.32,1844,Rishikesh,30.0869,78.2676
Brahmaputra,D,8.54,5.02,23.64,5.29,2.6,271.81,9.52,1405,Goalpara,26.17,90.62
Krishna,D,8.76,10.19,15.72,7.63,3.15,421.74,17.31,1596,Guntur,16.3067,80.4365
Yamuna,E,6.76,14.56,27.14,3.74,4.76,365.84,28.52,121,Prayagraj,25.4358,81.8463
Narmada,A,8.27,9.45,34.95,4.93,3.26,357.89,25.79,462,Amarkantak,22.6744,81.7597
Godavari,A,7.38,2.08,22.39,5.13,3.89,223.51,6.93,2813,Nashik,19.9975,73.7898
Yamuna,E,8.53,2.06,20.16,9.81,2.21,152.28,6.68,2641,Prayagraj,25.4358,81.8463
Mahanadi,C,8.19,14.32,21.22,9.64,3.67,197.52,6.12,2196,Cuttack,20.4625,85.8828
Krishna,C,8.33,5.16,14.65,8.4,6.15,91.5,27.68,4358,Vijayawada,16.5062,80.648
Mahanadi,C,7.97,2.29,32.32,3.93,4.98,198.6,25.59,2014,Cuttack,20.4625,85.8828
Kaveri,E,6.53,9.39,21.54,2.54,4.12,56.9,23.27,1469,Thanjavur,10.787,79.1378
Godavari,A,7.64,9.73,20.91,4.54,7.72,520.44,11.84,1952,Nashik,19.9975,73.7898
Kaveri,E,8.95,10.08,27.17,4.13,9.04,287.28,15.18,3503,Thanjavur,10.787,79.1378
Brahmaputra,E,8.81,4.74,22.17,6.05,7.81,779.86,13.98,1867,Dhubri,26.0222,89.9856
Mahanadi,C,6.13,1.21,26.91,8.22,3.99,195.29,7.68,71,Cuttack,20.4625,85.8828
Brahmaputra,B,6.49,14.51,13.41,8.87,7.7,309.37,15.2,1504,Tezpur,26.633,92.8
Ganga,A,6.4,4.51,30.72,8.76,2.37,318.38,1.01,1190,Rishikesh,30.0869,78.2676
Kaveri,C,8.18,10.46,33.63,4.88,2.17,56.34,4.04,4911,Erode,11.341,77.7172
Krishna,B,8.45,10.89,26.92,7.5,4.11,679.41,26.61,2798,Sangli,16.8524,74.5815
Mahanadi,B,6.64,9.54,33.96,4.5,8.27,74,22.58,1885,Sambalpur,21.4669,83.9812
Narmada,D,7.52,5.38,15.48,2.49,3.22,755.13,12.74,2218,Vadodara,22.3072,73.1812
Godavari,A,8.52,4.8,22.98,7.61,1.57,719.06,15.56,4646,Nashik,19.9975,73.7898
Yamuna,B,8.2,9.37,25.84,2.08,2.19,451.64,11.16,4731,New Delhi,28.6139,77.209
Krishna,C,7.63,13.13,25.38,5.27,8.73,457.7,22.25,115,Vijayawada,16.5062,80.648
Krishna,D,7.77,14.25,21.23,4.64,6.7,540.33,23.55,1164,Guntur,16.3067,80.4365
Brahmaputra,A,7.53,2.48,19.78,7.55,3.28,340.29,22.92,3438,Dibrugarh,27.4728,94.911
Kaveri,E,6.89,3.17,14.92,8.13,6,535.42,21.71,4097,Thanjavur,10.787,79.1378
Mahanadi,C,7.7,14.23,21.01,4.43,5.75,83.58,6.21,1718,Cuttack,20.4625,85.8828
Mahanadi,B,8.07,11.31,15.74,8.49,6.9,90.54,10.21,2833,Sambalpur,21.4669,83.9812
Ganga,B,8.62,13.36,28.89,4.35,3.1,392.92,14.15,3935,Kanpur,26.4499,80.3319
Ganga,C,7.91,3.84,16.8,5.57,8.78,462.22,9.99,1918,Patna,25.5941,85.1376
Godavari,B,8.28,9.23,13.35,7.82,3.78,715.86,22.67,2059,Nanded,19.16,77.31
Brahmaputra,D,6.48,10.82,24.7,7.54,7.25,128.5,9.95,4474,Goalpara,26.17,90.62
Krishna,A,7.38,10.52,25.69,9.9,1.15,666.99,4.23,1284,Mahabaleshwar,17.9307,73.6477
Mahanadi,D,6.03,6.71,32.05,3.8,4.35,207.54,12.03,955,Bhubaneswar,20.2961,85.8245
Narmada,B,6.74,1.22,25.27,7.3,4.17,345.56,29.4,3914,Jabalpur,23.1815,79.9864
Brahmaputra,E,8.18,9.16,19.95,6.88,5.89,287.45,6.85,2237,Dhubri,26.0222,89.9856
Godavari,A,8.98,4.54,30.47,9.32,1.65,350.12,18.4,3806,Nashik,19.9975,73.7898
Godavari,A,6.3,7.3,24.43,3.25,8.11,162.87,13.05,302,Nashik,19.9975,73.7898
Brahmaputra,C,7.2,14.41,13.82,8.01,2.96,427.68,2.22,4689,Guwahati,26.1445,91.7362
Godavari,C,8.4,6.59,25.01,6.55,7.09,651.23,14.69,2232,Adilabad,19.6667,78.5333
Brahmaputra,E,6.61,12.76,32.88,4.2,8.23,381.15,21.09,3983,Dhubri,26.0222,89.9856
Yamuna,A,7.67,3.64,21.12,5.8,6.06,417.96,15.45,2501,Uttarkashi,30.7298,78.4434
Brahmaputra,E,8.2,10.41,18.82,4.67,7.67,686.58,26.18,2485,Dhubri,26.0222,89.9856
Kaveri,C,7.85,14.68,15.3,6.63,6.96,579.54,8.74,4870,Erode,11.341,77.7172
Brahmaputra,C,6.56,2.43,15.48,9.11,4.2,417.84,2.68,3739,Guwahati,26.1445,91.7362
Godavari,A,7.07,1.12,21.95,6.55,8.28,243.27,28.1,437,Nashik,19.9975,73.7898
Mahanadi,D,8.35,7.07,25.7,7.05,3.65,713.7,11.41,2982,Bhubaneswar,20.2961,85.8245
Kaveri,B,7.66,2.3,13.85,6.15,6.14,482.77,17.33,116,Mysuru,12.2958,76.6394
Godavari,C,6.02,11.48,33.61,2.41,7.71,215.86,23.78,3629,Adilabad,19.6667,78.5333
Ganga,C,8.28,13.8,29.37,3.86,4.41,251.84,9.8,4764,Patna,25.5941,85.1376
Ganga,D,6.11,7.08,25.49,5.94,3.72,652.35,21.51,3343,Varanasi,25.3176,82.9739
Mahanadi,D,8.24,4.62,31.05,4.48,5.13,83.11,4.15,4002,Bhubaneswar,20.2961,85.8245
Mahanadi,E,6.61,7.08,13.84,3.45,8.36,794.07,8.81,1235,Paradip,20.316,86.6103
Kaveri,E,8.87,11.13,22.97,6.03,9.37,147.76,4.43,4014,Thanjavur,10.787,79.1378
Yamuna,B,7.1,1.13,26.49,4.58,5.91,647.05,24.36,4260,New Delhi,28.6139,77.209
Mahanadi,B,6.98,9.25,31.06,4.06,6.95,346.08,6.76,3378,Sambalpur,21.4669,83.9812
Ganga,A,6.45,9.59,30.02,5.71,9.13,419.16,21.55,905,Rishikesh,30.0869,78.2676
Brahmaputra,E,6.92,9.93,18.37,3.07,1.89,710.49,28.3,3915,Dhubri,26.0222,89.9856
Godavari,C,8.63,4.39,33.64,9.42,3.09,359.68,15.88,1630,Adilabad,19.6667,78.5333
Ganga,E,8.99,11,14.86,8.94,7.38,453.12,16.25,3873,Kolkata,22.5726,88.3639
Ganga,C,7.1,2.28,32.13,7.66,8.41,86.97,13.88,2302,Patna,25.5941,85.1376
Yamuna,D,7.35,3.79,34.33,2.85,8.71,51.76,9.84,1395,Agra,27.1767,78.0081
Kaveri,E,8.17,13.28,16.07,8.21,4.74,233.6,14.32,3909,Thanjavur,10.787,79.1378
Kaveri,D,8.66,11.34,28.61,8.46,1.8,560.44,18.12,3602,Tiruchirappalli,10.7905,78.7047
Krishna,B,7.78,1.19,12.93,8.14,4.94,140.95,29.58,2443,Sangli,16.8524,74.5815
Yamuna,B,7.17,4.48,21.32,2.91,3.08,135.32,28.14,2816,New Delhi,28.6139,77.209
Brahmaputra,A,7.24,4,23.87,7.15,3.62,358.22,25.88,3393,Dibrugarh,27.4728,94.911
Kaveri,E,8.09,4.79,25.35,8.67,7.95,535.88,26.69,1311,Thanjavur,10.787,79.1378
Godavari,D,6.01,4.47,33.53,6.62,1.68,584.05,14.09,768,Rajahmundry,17.0005,81.804
Mahanadi,C,7.86,1.88,27.46,7.17,8.45,183.84,19.76,756,Cuttack,20.4625,85.8828
Yamuna,B,7.07,7.43,23.07,5.67,4.85,109.69,26.86,602,New Delhi,28.6139,77.209
Mahanadi,B,8.38,11.26,30.62,6.23,6.36,755.3,11.85,2896,Sambalpur,21.4669,83.9812
Ganga,C,6.28,9.49,33.86,2.28,1.81,245.5,28.86,4121,Patna,25.5941,85.1376
Godavari,D,7.76,10.42,12.51,7.11,4.04,690.01,12.53,1078,Rajahmundry,17.0005,81.804
Godavari,D,7.44,2.14,34.6,2.65,1.81,697.62,18.07,3317,Rajahmundry,17.0005,81.804
Ganga,E,7.93,14.32,13.98,5.48,9.65,629.39,21.32,712,Kolkata,22.5726,88.3639
Yamuna,E,6.19,12.74,30.73,4.34,8.27,176.63,28.52,4718,Prayagraj,25.4358,81.8463
Ganga,A,7.74,12.27,18.45,6.36,5.14,666.35,7.41,114,Rishikesh,30.0869,78.2676
Mahanadi,B,7.68,12.52,15.04,3.07,3.01,626.94,22.41,1507,Sambalpur,21.4669,83.9812
Krishna,E,7.68,14.06,22.12,7.53,9.4,497.54,15.67,3843,Machilipatnam,16.1875,81.1389
Godavari,D,7.81,8.62,26.81,8.36,4.1,302.9,8.13,405,Rajahmundry,17.0005,81.804
Narmada,C,8.03,3.8,20.76,3.31,2.45,246.88,23.32,3527,Hoshangabad,22.7441,77.7369
Narmada,D,8.41,9.63,13.26,2.83,6.07,141.42,16.61,2663,Vadodara,22.3072,73.1812
Mahanadi,B,6.81,11.4,25.79,3.16,9.49,432.32,19.86,3301,Sambalpur,21.4669,83.9812
Brahmaputra,D,8.48,11.33,32.76,9.02,1.03,488.95,9.75,2020,Goalpara,26.17,90.62
Kaveri,A,7.49,8.3,20.81,6.23,3.14,319.5,14.49,3891,Kodagu,12.3375,75.8069
Ganga,B,6.23,1.96,16.98,5.74,9.45,406.52,18.56,4956,Kanpur,26.4499,80.3319
Ganga,C,6.18,6.2,22.18,2.85,2.54,322.64,12.21,1998,Patna,25.5941,85.1376
Brahmaputra,A,7,13.89,13.11,7.2,2.02,530.75,6.03,4547,Dibrugarh,27.4728,94.911
Brahmaputra,B,8.35,9.18,30.87,8.94,6.13,725.94,28.85,1678,Tezpur,26.633,92.8
Mahanadi,C,8.12,8.54,31.01,8.63,8.76,172.94,15.39,4978,Cuttack,20.4625,85.8828
Mahanadi,A,8.37,4.76,25.52,7.01,5.29,336.06,22.04,4772,Raipur,21.2514,81.6296
Brahmaputra,A,7.55,6.16,20.12,2.6,9.95,155.65,12.39,1061,Dibrugarh,27.4728,94.911
Godavari,B,7.32,13.53,30.4,2.9,7.11,518.71,10.72,2851,Nanded,19.16,77.31
Mahanadi,E,6.44,10.33,24.76,2.39,1.67,596.65,12.27,4733,Paradip,20.316,86.6103
Krishna,A,6.98,12.02,31,4.06,9.94,748.93,12.33,3594,Mahabaleshwar,17.9307,73.6477
Mahanadi,A,7.3,7.36,26.52,3.09,4.67,259.15,16.37,357,Raipur,21.2514,81.6296
Ganga,C,6.27,9.82,30.04,4.08,3.59,762.66,16.35,1273,Patna,25.5941,85.1376
Mahanadi,D,6.66,4.48,25.77,5.08,6.02,97.45,14.96,4675,Bhubaneswar,20.2961,85.8245
Godavari,B,7.79,10.88,21.53,9.54,3.74,502.26,4.13,2752,Nanded,19.16,77.31
Brahmaputra,B,8.21,6.99,34.03,6.88,1.78,92.85,14.93,2083,Tezpur,26.633,92.8
Ganga,E,9,7.2,24.45,8.68,1.01,720.33,5.16,3158,Kolkata,22.5726,88.3639
Mahanadi,E,8.8,10.09,25.92,7.68,5.05,447.36,3.87,1361,Paradip,20.316,86.6103
Godavari,B,7.93,14.11,17.07,2.9,8.53,552.01,27.99,2831,Nanded,19.16,77.31
Krishna,E,7.26,1.9,26.39,7.89,6.15,673.68,18.19,3837,Machilipatnam,16.1875,81.1389
Mahanadi,C,7.91,12.55,25.15,4.2,9.99,162.73,19.82,679,Cuttack,20.4625,85.8828
Godavari,B,8.36,5.09,16.25,7.11,3.58,78.94,12.11,4823,Nanded,19.16,77.31
Krishna,E,6.36,7.21,13.37,4.73,3.52,709.16,27.28,2656,Machilipatnam,16.1875,81.1389
Brahmaputra,B,7.23,1.31,25.9,9.98,2.44,286.2,19.17,276,Tezpur,26.633,92.8
Mahanadi,D,8.52,5.21,29.56,4.11,2.48,146.73,23.1,1448,Bhubaneswar,20.2961,85.8245
Krishna,A,7.15,8.04,24.04,4.23,3.57,401.35,11.12,2703,Mahabaleshwar,17.9307,73.6477
Ganga,B,7.72,1.79,17.22,9.45,8.14,498.73,28.8,1032,Kanpur,26.4499,80.3319
Brahmaputra,A,7.76,7.88,27.33,2.2,9.15,73.23,24.63,2047,Dibrugarh,27.4728,94.911
Ganga,E,6.55,13.98,13.84,7.57,9.78,256.17,25.63,574,Kolkata,22.5726,88.3639
Narmada,A,7.09,2.48,22.16,7.8,3.09,74.6,5.25,1069,Amarkantak,22.6744,81.7597
Yamuna,B,7,11.7,15.76,8.69,8.93,365.25,8.2,1434,New Delhi,28.6139,77.209
Mahanadi,D,6.08,6.74,16.24,9.8,3.95,721.33,8.64,4133,Bhubaneswar,20.2961,85.8245
Krishna,E,6.07,10.17,16.65,9.8,2.02,786.99,8.2,229,Machilipatnam,16.1875,81.1389
Yamuna,B,8.5,4.64,20.89,2.52,8.83,527.79,25.68,415,New Delhi,28.6139,77.209
Yamuna,E,6.82,3.23,13.18,8.57,6.72,171.23,1.05,1647,Prayagraj,25.4358,81.8463
Krishna,C,7.55,3.25,21.15,7.17,2.48,729.39,2.38,2328,Vijayawada,16.5062,80.648
Brahmaputra,A,6.9,1.99,23.77,7.18,4.87,437.19,8.29,1769,Dibrugarh,27.4728,94.911
Mahanadi,C,8.82,3.6,23.12,3.03,3.59,165.31,6.08,1684,Cuttack,20.4625,85.8828
Narmada,B,6.78,10.3,20.8,7.2,7.63,741.3,7.03,801,Jabalpur,23.1815,79.9864
Ganga,D,7.29,13.34,31.3,9.86,5.08,618.1,23.96,3592,Varanasi,25.3176,82.9739
Godavari,E,8.62,12.4,15.34,9.29,9.9,598.78,16.94,1319,Kakinada,16.9891,82.2475
Ganga,A,8.53,10.59,23.63,5.51,1.49,581.89,0.27,3843,Rishikesh,30.0869,78.2676
Godavari,E,6.56,2.55,13.43,2.32,4.2,200.25,12.94,4939,Kakinada,16.9891,82.2475
Ganga,B,8.41,5.05,13.64,4.9,5.34,208.26,12.3,4422,Kanpur,26.4499,80.3319
Krishna,E,7.37,5.34,25.2,8.61,5.53,566.22,3.51,1340,Machilipatnam,16.1875,81.1389
Narmada,A,7.45,4.5,25.02,7.61,3.84,214.79,20.32,4456,Amarkantak,22.6744,81.7597
Mahanadi,B,6.4,8.21,32.19,5.67,7.56,379,21.09,520,Sambalpur,21.4669,83.9812
Godavari,E,6.24,8.5,24.83,2.44,8.87,636.5,21.65,2582,Kakinada,16.9891,82.2475
Mahanadi,D,8.18,6,34.08,5.42,9.45,637.96,21.88,3939,Bhubaneswar,20.2961,85.8245
Mahanadi,B,7.49,5.95,13.12,5.75,8.25,389.95,0.1,501,Sambalpur,21.4669,83.9812
Mahanadi,B,7.31,12.6,14.25,9.43,8.66,644.14,28.62,1627,Sambalpur,21.4669,83.9812
Kaveri,D,8.19,12.05,13.01,7.13,5.95,678.97,24.44,2066,Tiruchirappalli,10.7905,78.7047
Brahmaputra,C,8.3,5.31,16.26,4.49,8.43,541.08,27.13,1530,Guwahati,26.1445,91.7362
Ganga,A,6.48,13.79,24.45,6.2,3.73,221.32,0.57,1593,Rishikesh,30.0869,78.2676
Mahanadi,C,7.83,14.34,26.85,2.53,4.59,255.51,28.02,1585,Cuttack,20.4625,85.8828
Ganga,E,6.41,5.57,13.05,9.78,3.85,286.13,24.31,3956,Kolkata,22.5726,88.3639
Mahanadi,D,8.25,5.96,33.76,4.88,5.21,137.6,25.13,1771,Bhubaneswar,20.2961,85.8245
Godavari,C,7.97,8.08,31.37,5.82,3.57,254.87,2.89,2001,Adilabad,19.6667,78.5333
Brahmaputra,B,8.87,14.18,18.82,4.84,9.65,207.14,22.19,3189,Tezpur,26.633,92.8
Brahmaputra,E,6.21,13.27,13.78,7.46,3.82,391.5,28.8,3336,Dhubri,26.0222,89.9856
Krishna,E,6.17,2.44,15.91,7.3,1.88,731.33,20.39,1056,Machilipatnam,16.1875,81.1389
Kaveri,C,6.85,6.5,14.92,7.72,5.74,128.36,17.16,2902,Erode,11.341,77.7172
Krishna,C,6.79,8.75,14.84,4.15,1.51,590.2,28.37,2623,Vijayawada,16.5062,80.648
Krishna,D,6.74,8.04,23.93,4.53,1.99,565.46,13.34,3902,Guntur,16.3067,80.4365
Krishna,A,8.72,3.71,17.65,3,2.97,121.82,18.02,4154,Mahabaleshwar,17.9307,73.6477
Krishna,C,6.75,13.02,20.24,7.24,5.18,741.93,14.34,471,Vijayawada,16.5062,80.648
Krishna,C,6.82,10.48,34.76,2.32,4.9,476.35,27.99,4441,Vijayawada,16.5062,80.648
Narmada,B,8.28,12.73,27.74,6.78,8.2,322.79,2.37,1391,Jabalpur,23.1815,79.9864
Brahmaputra,E,7.35,13.02,33.83,8.96,7.66,617.4,15.08,1155,Dhubri,26.0222,89.9856
Krishna,A,8.33,11.48,15.28,9.13,4.84,243.02,20.64,3525,Mahabaleshwar,17.9307,73.6477
Mahanadi,B,6.2,7.15,20.79,5.59,4,570.13,23.78,4464,Sambalpur,21.4669,83.9812
Brahmaputra,D,7.46,9.55,24.76,5.67,3.85,79.78,17.53,202,Goalpara,26.17,90.62
Brahmaputra,D,6.1,3.25,13.77,2.62,7.97,679.56,27.28,3544,Goalpara,26.17,90.62
Yamuna,C,6.19,10.43,12.1,7.37,1.47,386.13,28.27,765,Mathura,27.4924,77.6737
Narmada,C,8.72,3.51,27.42,8.57,1.12,527.52,2.02,1694,Hoshangabad,22.7441,77.7369
Krishna,D,6.42,10.72,26.76,3.96,8.16,215.93,12.13,2535,Guntur,16.3067,80.4365
Ganga,C,7.6,4.21,21.45,5.37,5.29,557.81,0.8,837,Patna,25.5941,85.1376
Godavari,A,7.23,2.65,23.26,8.71,2.18,629.18,9.95,899,Nashik,19.9975,73.7898
Kaveri,C,7.04,3.31,21.56,9.02,3.12,404.91,16.15,4758,Erode,11.341,77.7172
Mahanadi,E,8.7,1.03,12.55,3.95,9.39,513.3,27.33,2465,Paradip,20.316,86.6103
Ganga,C,6.07,11.06,19.71,6.4,8.74,392.24,25.41,2343,Patna,25.5941,85.1376
Narmada,B,7.99,11.25,16.07,3.54,7.39,720.57,3.91,4956,Jabalpur,23.1815,79.9864
Godavari,A,8.89,8.21,14.26,2.82,5.34,423.4,2.88,120,Nashik,19.9975,73.7898
Narmada,B,7.68,3.26,34,9.29,5.68,681.36,17.72,4725,Jabalpur,23.1815,79.9864
Mahanadi,B,8.81,2.17,25.79,8.56,9.78,651.01,16.01,802,Sambalpur,21.4669,83.9812
Brahmaputra,E,6.16,1.27,28.76,8.08,9.69,357.88,8.06,4693,Dhubri,26.0222,89.9856
Godavari,A,7.26,3.32,19.25,2.39,2.94,222.56,26.99,2653,Nashik,19.9975,73.7898
Brahmaputra,A,6.78,13.47,21.04,8.75,8.3,354.56,27.83,3424,Dibrugarh,27.4728,94.911
Mahanadi,A,8.19,4.38,17.45,5.5,2.78,669.66,12.14,1319,Raipur,21.2514,81.6296
Ganga,A,8.94,5.96,14.23,4.74,2.92,220.72,26.72,306,Rishikesh,30.0869,78.2676
Mahanadi,A,6.77,2.47,16.12,6.37,7.08,443.33,11.58,1639,Raipur,21.2514,81.6296
Ganga,E,7.96,4.11,30.34,2.73,4.65,654.57,22.13,578,Kolkata,22.5726,88.3639
Godavari,C,6.59,8.27,27.58,8.05,9.38,315.11,14.33,4937,Adilabad,19.6667,78.5333
Godavari,B,7.7,9.51,24.58,6.66,1.8,531.66,3.77,4715,Nanded,19.16,77.31
Krishna,A,7.39,4.43,22.93,3.49,5.6,234.22,27.85,4121,Mahabaleshwar,17.9307,73.6477
Narmada,C,8.92,1.81,33.22,3.51,9.27,131.96,13.68,81,Hoshangabad,22.7441,77.7369
Krishna,C,7.83,6.47,13.67,3.47,9.14,645.79,22.06,4375,Vijayawada,16.5062,80.648
Narmada,B,7.05,4.28,18.45,2.46,2.41,124.23,11.08,4392,Jabalpur,23.1815,79.9864
Krishna,E,6.34,4.07,20.05,6.7,4.3,253.54,0.66,75,Machilipatnam,16.1875,81.1389
Brahmaputra,D,6.45,14.44,30,8.72,6.57,691.33,3.11,889,Goalpara,26.17,90.62
Godavari,D,6.68,9.63,34.83,2.14,2.43,309.85,14.94,77,Rajahmundry,17.0005,81.804
Ganga,C,6.75,8.8,17.54,2.39,9.71,779.78,20.73,1226,Patna,25.5941,85.1376
Narmada,B,8.55,6.82,32.11,6.58,9.23,784.8,10.11,3037,Jabalpur,23.1815,79.9864
Mahanadi,D,7.68,7.01,31.1,8.56,2.5,251.21,20.9,3249,Bhubaneswar,20.2961,85.8245
Narmada,C,7.57,8.57,17.17,4.61,2.09,80.73,20.99,3490,Hoshangabad,22.7441,77.7369
Ganga,E,6.34,10.75,21.18,4.8,1.77,578.8,21.15,517,Kolkata,22.5726,88.3639
Krishna,D,8.58,10.83,21.42,6.77,9.18,388.24,14.83,3724,Guntur,16.3067,80.4365
Narmada,C,8.17,3.4,34.5,4.19,2.74,125.56,27.46,2894,Hoshangabad,22.7441,77.7369
Kaveri,C,6.2,8,16.16,2.21,4.75,580.64,14.73,1135,Erode,11.341,77.7172
Brahmaputra,A,8.12,6.77,30.38,7.88,5.04,73.38,13.56,895,Dibrugarh,27.4728,94.911
Godavari,E,7.63,13.19,19.69,7.01,6.39,702.65,6.06,2851,Kakinada,16.9891,82.2475
Ganga,A,6.25,9.84,28.81,6.65,1.65,153.99,9.3,3887,Rishikesh,30.0869,78.2676
Godavari,B,7.37,8.46,21.66,7.93,3.04,145.48,1.37,4880,Nanded,19.16,77.31
Kaveri,A,7.45,2.62,25.3,7.4,9.38,181.75,19.04,2535,Kodagu,12.3375,75.8069
Narmada,A,6.5,9.48,31.15,3.65,9.18,770.2,7.53,935,Amarkantak,22.6744,81.7597
Narmada,D,8.84,2.64,30.5,4.82,8.03,569.88,9.19,4225,Vadodara,22.3072,73.1812
Mahanadi,C,8.55,5.72,31.93,3.01,1.17,651.03,23.15,1948,Cuttack,20.4625,85.8828
Kaveri,E,8.01,3,13.37,3.04,3.94,348.23,9.88,3824,Thanjavur,10.787,79.1378
Ganga,A,7.39,10.69,27.92,7.41,6.65,302.23,7.34,3372,Rishikesh,30.0869,78.2676
Mahanadi,E,7.24,3.89,15.22,8.87,3.48,225.86,5.15,4593,Paradip,20.316,86.6103
Brahmaputra,A,7.95,6.49,21.56,9.7,9.19,410.49,23.27,3242,Dibrugarh,27.4728,94.911
Mahanadi,B,7.64,13.54,24.62,7.03,6.71,463.87,3.98,3754,Sambalpur,21.4669,83.9812
Yamuna,A,6.19,3.86,21.26,3.47,1.65,523.83,13.67,3475,Uttarkashi,30.7298,78.4434
Ganga,D,7.54,8.11,23.95,2.85,9.18,242.84,15.26,450,Varanasi,25.3176,82.9739
Yamuna,C,8.42,6.87,34.92,8.5,9.62,761.49,20.65,3621,Mathura,27.4924,77.6737
Kaveri,B,7.38,1.25,15.11,6.63,1.7,177.32,19.04,471,Mysuru,12.2958,76.6394
Krishna,A,6.16,12.1,27.54,6.95,5.79,774.24,24.34,621,Mahabaleshwar,17.9307,73.6477
Yamuna,E,8.36,1.97,21.11,8.25,3.73,61.14,1.44,3481,Prayagraj,25.4358,81.8463
Brahmaputra,B,6.6,7.64,15.06,7.63,4.54,410.84,8.96,3173,Tezpur,26.633,92.8
Mahanadi,B,6.78,8.85,15.65,8.68,2.62,300.03,8.48,15,Sambalpur,21.4669,83.9812
Krishna,A,6.49,9.8,33.83,2.45,6.2,386.84,4.47,4786,Mahabaleshwar,17.9307,73.6477
Mahanadi,B,6.99,10.64,32.23,7.98,9.62,478,8.75,3980,Sambalpur,21.4669,83.9812
Yamuna,E,8.27,4.55,32.86,8.81,5.53,376.69,9.36,2868,Prayagraj,25.4358,81.8463
Mahanadi,B,7.56,1.14,34.81,4.29,1.75,361.14,15.7,2616,Sambalpur,21.4669,83.9812
Kaveri,E,6.61,11.13,16.79,7.12,6.58,599.54,19.94,108,Thanjavur,10.787,79.1378
Krishna,A,8.63,8.5,20.18,4.51,4.06,564.41,11.49,535,Mahabaleshwar,17.9307,73.6477
Kaveri,C,8.64,12.71,27.39,9.66,8.7,674.95,21.61,1190,Erode,11.341,77.7172
Yamuna,B,8.61,12.5,23.13,2.27,4.91,237.47,10.15,1699,New Delhi,28.6139,77.209
Kaveri,C,6.72,12.81,21.62,6.64,2.74,507.15,8.78,1148,Erode,11.341,77.7172
Brahmaputra,E,7.35,7.79,20.23,3.33,2.72,488.9,16.28,4501,Dhubri,26.0222,89.9856
Yamuna,B,8.95,5.67,25.66,7.7,7.92,327.3,0.81,4875,New Delhi,28.6139,77.209
Yamuna,D,8.32,12.08,25.24,3.41,3.39,414.54,2.49,3081,Agra,27.1767,78.0081
Yamuna,C,6.08,7.32,15.71,3.88,7.91,285.34,12.6,2937,Mathura,27.4924,77.6737
Ganga,B,6.2,3.57,22.85,5.95,2.85,156.38,28.29,2802,Kanpur,26.4499,80.3319
Mahanadi,C,7.39,12.97,24.73,9.32,3.9,210.35,21.67,4788,Cuttack,20.4625,85.8828
Ganga,B,8.73,13.36,25.12,3.69,5.19,129.14,2.73,24,Kanpur,26.4499,80.3319
Ganga,A,7.62,7.53,16.83,3.15,9.49,562.3,25.4,2425,Rishikesh,30.0869,78.2676
Brahmaputra,C,7.49,2.06,29.07,8.07,9.39,545.55,22,2695,Guwahati,26.1445,91.7362
Krishna,D,6.32,6.43,12.58,6,2.86,762.95,18.37,2910,Guntur,16.3067,80.4365
Mahanadi,D,7.97,12.25,20.16,9.29,4.22,597.26,24.63,1246,Bhubaneswar,20.2961,85.8245
Kaveri,E,8.47,13.62,29.94,3.17,2.34,89.03,12.18,4110,Thanjavur,10.787,79.1378
Narmada,B,7.14,3.85,24.97,7.17,5.59,713.18,6.72,3230,Jabalpur,23.1815,79.9864
Yamuna,C,8.33,1.94,18.01,3.86,5.15,697.01,15.41,1617,Mathura,27.4924,77.6737
Kaveri,E,8.89,13.28,27.98,3.25,9.11,382.49,16.51,3573,Thanjavur,10.787,79.1378
Yamuna,C,6.61,6.45,25.05,7.47,9.37,489.4,16.2,3307,Mathura,27.4924,77.6737
Brahmaputra,B,7.57,8.58,30.31,6.75,4.45,782.06,17,2643,Tezpur,26.633,92.8
Yamuna,D,6.86,14.55,28.91,8.04,5.43,449.23,28.47,3900,Agra,27.1767,78.0081
Ganga,A,8.38,1.93,26.03,4.48,9.07,728.99,27.08,4274,Rishikesh,30.0869,78.2676
Mahanadi,D,7.73,10.08,23.23,5.58,8.26,112.28,26.28,2818,Bhubaneswar,20.2961,85.8245
Narmada,E,7.9,2.04,15.06,5.24,1.03,193.29,24.06,801,Bharuch,21.7051,72.9959
Godavari,A,8.39,6.26,18.01,9.87,3.88,380.57,28.31,1009,Nashik,19.9975,73.7898
Yamuna,E,7.19,12.25,21.64,4.34,4.8,488.57,3.04,161,Prayagraj,25.4358,81.8463
Kaveri,B,8.75,7.07,25.78,4.36,3.07,662.17,8.03,3073,Mysuru,12.2958,76.6394
Ganga,A,7.6,14.96,23.82,4.84,2.8,791.2,14.9,4609,Rishikesh,30.0869,78.2676
Godavari,E,6.47,8.83,18.63,6.52,1.34,341.64,25.41,2101,Kakinada,16.9891,82.2475
Narmada,B,8.09,5.5,12.15,4.02,6.79,85.56,15.2,4609,Jabalpur,23.1815,79.9864
Godavari,D,8.38,4.08,23.41,9.32,3.36,650.88,22.47,4092,Rajahmundry,17.0005,81.804
Ganga,B,6.95,5.91,18.57,4.13,1.47,503.29,4.25,4036,Kanpur,26.4499,80.3319
Mahanadi,C,8.57,6.22,28.9,9.17,3.08,198.91,7.65,2987,Cuttack,20.4625,85.8828
Mahanadi,B,8.72,1.96,12.55,2.83,8.22,421.12,21.98,852,Sambalpur,21.4669,83.9812
Krishna,B,6.83,6.17,25.45,7.25,8.66,606.73,5.03,4456,Sangli,16.8524,74.5815
Mahanadi,C,8.95,7.5,33.65,9.26,5.35,627.81,10.61,3803,Cuttack,20.4625,85.8828
Krishna,E,6.42,11.12,16.01,3.35,4.74,424.71,8.02,2080,Machilipatnam,16.1875,81.1389
Godavari,E,6.61,10.19,22.85,9.75,9.8,278.91,10.56,1669,Kakinada,16.9891,82.2475
Brahmaputra,B,6.55,10.92,14.1,5.62,2.81,780.31,21.28,607,Tezpur,26.633,92.8
Kaveri,C,8.68,1.12,26.39,9.57,2.94,547.52,11.1,2523,Erode,11.341,77.7172
Kaveri,C,7.96,4.05,24.66,7.41,3.63,356.18,16.7,4145,Erode,11.341,77.7172
Godavari,D,6.46,10.26,21.37,4.41,2.55,260.35,3.09,4280,Rajahmundry,17.0005,81.804
Yamuna,E,7.32,7.78,23.99,3.51,4.41,598.33,24.17,3613,Prayagraj,25.4358,81.8463
Yamuna,A,7.85,1.07,32.62,4.43,9.2,231.64,11.16,1226,Uttarkashi,30.7298,78.4434
Mahanadi,E,6.25,12.26,16.51,2.74,6.54,178.78,19.49,2301,Paradip,20.316,86.6103
Kaveri,E,8.65,11.82,12.52,3.15,4.71,447.38,21.79,4941,Thanjavur,10.787,79.1378
Kaveri,D,8.41,8.68,31.82,2.84,9.41,267.49,6.37,3821,Tiruchirappalli,10.7905,78.7047
Krishna,A,7.52,1.93,25.27,5.38,1.44,521.68,26.55,941,Mahabaleshwar,17.9307,73.6477
Brahmaputra,D,8.9,11.73,32.49,8.36,2.89,138.45,18.53,2148,Goalpara,26.17,90.62
Ganga,A,7.25,9.17,25.73,3.13,6.09,541.21,12.92,4012,Rishikesh,30.0869,78.2676
Yamuna,B,8.95,11.95,30.63,3.04,6.54,262.47,5.55,2988,New Delhi,28.6139,77.209
Kaveri,A,8,11.52,21.88,7.15,1.36,50.18,28.27,3902,Kodagu,12.3375,75.8069
Krishna,D,7.9,12.24,29.25,3.58,4.63,145.2,22.68,4605,Guntur,16.3067,80.4365
Narmada,E,6.5,8.25,33,2.78,6.84,750.21,6.32,2928,Bharuch,21.7051,72.9959
Krishna,A,8.65,2.96,25.16,3.33,7.28,700.52,10.2,2574,Mahabaleshwar,17.9307,73.6477
Yamuna,A,7.28,10.4,16.16,9.39,6.74,225.21,24.31,1773,Uttarkashi,30.7298,78.4434
Yamuna,C,6.49,9.69,18.18,8.57,3.89,633.78,20.9,2180,Mathura,27.4924,77.6737
Krishna,E,6.04,11.39,16.57,4.83,1.84,506.43,23,345,Machilipatnam,16.1875,81.1389
Ganga,B,7.68,3.38,17.68,7.25,4.84,778.18,13.29,1186,Kanpur,26.4499,80.3319
Godavari,D,7.58,3.73,19.05,6.3,2.16,330.2,21.52,3031,Rajahmundry,17.0005,81.804
Yamuna,B,8.16,13.47,24.77,7.42,9.53,561.1,11.66,788,New Delhi,28.6139,77.209
Krishna,E,8.67,11.5,25.52,7.46,5.28,97.65,6.42,1195,Machilipatnam,16.1875,81.1389
Kaveri,A,6.24,13.72,21.81,7.03,3.86,347.19,19.02,3295,Kodagu,12.3375,75.8069
Krishna,A,8.19,11.62,26.15,4.13,7.9,772.86,29.28,3457,Mahabaleshwar,17.9307,73.6477
Brahmaputra,E,6.56,9.36,13.88,2.31,5.48,454.24,9.39,4001,Dhubri,26.0222,89.9856
Godavari,A,8.57,10.16,14.02,5.64,3.79,265.91,13.88,2480,Nashik,19.9975,73.7898
Narmada,A,8.46,13.45,15.95,9.13,8.31,140.2,20.25,948,Amarkantak,22.6744,81.7597
Ganga,A,7.62,9.1,23.92,6.56,8.8,577.65,16.29,4909,Rishikesh,30.0869,78.2676
Mahanadi,D,8.13,9.85,16.92,8.66,7.06,533.64,25.32,4016,Bhubaneswar,20.2961,85.8245
Narmada,D,6.94,3.19,18.52,9.93,1.42,330.45,22.88,1945,Vadodara,22.3072,73.1812
Godavari,C,7.41,7.63,21.21,3.31,6.1,763.21,1.84,643,Adilabad,19.6667,78.5333
Godavari,B,8.46,11.03,30.67,7.53,7.87,66.65,29.95,1263,Nanded,19.16,77.31
Godavari,E,7.38,4.79,12.32,7.39,2.23,277.79,22.6,1092,Kakinada,16.9891,82.2475
Narmada,E,7.07,3.83,26.94,9.84,3.06,740.8,25.93,2153,Bharuch,21.7051,72.9959
Kaveri,E,7.48,5.39,27.38,9.88,8.94,290.7,19.57,1295,Thanjavur,10.787,79.1378
Godavari,C,8.48,4.38,30.37,7.49,1.18,239.19,25.7,363,Adilabad,19.6667,78.5333
Krishna,D,7.01,4.01,33.45,3.95,7.77,450.67,3.46,1895,Guntur,16.3067,80.4365
Narmada,C,6.52,6.95,12.46,8.39,5.26,667.85,10.5,1828,Hoshangabad,22.7441,77.7369
Mahanadi,E,8.14,13.71,15.54,2.86,5.02,127.36,26.3,2530,Paradip,20.316,86.6103
Godavari,B,8.48,8.1,32.38,8.25,1.06,757.27,6.13,4018,Nanded,19.16,77.31
Krishna,A,6.3,3.63,22.55,9.28,8.37,646.3,2.44,3032,Mahabaleshwar,17.9307,73.6477
Kaveri,D,6.72,2.08,24.99,5.06,4.24,185.94,23.66,2594,Tiruchirappalli,10.7905,78.7047
Brahmaputra,D,6.43,10.75,27.25,7.05,5.87,584.01,25.08,1557,Goalpara,26.17,90.62
Kaveri,C,7.04,6.36,27.62,5.44,7.1,338.72,4.96,4028,Erode,11.341,77.7172
Mahanadi,D,7.35,12.51,33.43,5.5,7.32,351.72,25.64,4214,Bhubaneswar,20.2961,85.8245
Godavari,E,8.25,10.23,34.93,4.48,9.6,637.47,20.63,1378,Kakinada,16.9891,82.2475
Mahanadi,E,7.95,12.15,28.56,8.1,5.78,772.09,15.65,3347,Paradip,20.316,86.6103
Narmada,C,7.86,4.81,18.61,9.49,4.6,144.99,24.92,1767,Hoshangabad,22.7441,77.7369
Yamuna,E,7.06,10.69,32.23,9.53,9.58,365.47,12.64,1527,Prayagraj,25.4358,81.8463
Godavari,B,8.52,4.7,13.13,3.4,6.78,410.71,5.9,4927,Nanded,19.16,77.31
Yamuna,C,7.41,14.15,17.31,9,3.68,332.23,8.62,3494,Mathura,27.4924,77.6737
Krishna,B,8.94,9.91,32.64,7.9,2.14,322.39,15.2,3695,Sangli,16.8524,74.5815
Brahmaputra,A,7.9,5.54,17.89,4.02,8.58,89.2,15.99,3062,Dibrugarh,27.4728,94.911
Ganga,B,6.38,4.77,17.07,2.54,4.26,564.15,24.19,2706,Kanpur,26.4499,80.3319
Mahanadi,A,8.03,3.67,15.18,4.14,6.94,377.16,23.76,200,Raipur,21.2514,81.6296
Kaveri,A,6.98,10.72,31.76,9.3,5.24,196.1,17.48,942,Kodagu,12.3375,75.8069
Brahmaputra,B,8.06,4.06,23.5,7.07,2.79,662.03,23.45,4247,Tezpur,26.633,92.8
Godavari,C,6.21,9.33,27.52,7.77,6.42,651.92,5.83,3248,Adilabad,19.6667,78.5333
Yamuna,E,6.52,4.7,17.5,4.06,1.55,414.79,1.6,2225,Prayagraj,25.4358,81.8463
Kaveri,E,8.57,10.27,29.43,7.76,4.72,273.84,26.22,575,Thanjavur,10.787,79.1378
Yamuna,A,6.68,12.41,29.48,2.22,5.92,528.57,2.36,1144,Uttarkashi,30.7298,78.4434
Narmada,A,8.51,11.89,19.19,5,4.92,266.11,7.48,753,Amarkantak,22.6744,81.7597
Yamuna,C,6.84,11.65,21.45,7.01,7.74,227.01,20.89,682,Mathura,27.4924,77.6737
Narmada,D,7.93,3.63,16.82,3.17,8.45,597.89,12.34,2921,Vadodara,22.3072,73.1812
Krishna,B,8.08,2.24,34.46,8.58,7.94,80.24,26.3,540,Sangli,16.8524,74.5815
Kaveri,A,7.54,10.79,26.85,3.88,1.35,121.08,9.01,3031,Kodagu,12.3375,75.8069
Kaveri,E,6.92,6.16,33.49,7.22,2.75,55.09,0.45,571,Thanjavur,10.787,79.1378
Ganga,C,6.64,7.05,18.98,5.24,5.83,164.71,9.09,311,Patna,25.5941,85.1376
Godavari,B,6.1,1.44,29.98,6.77,9.41,101.74,17.38,3777,Nanded,19.16,77.31
Narmada,C,6.91,4.63,29.61,2.86,8.51,796.85,11.34,4290,Hoshangabad,22.7441,77.7369
Ganga,B,7.96,1.47,27.91,2.14,8.58,266.61,16.09,519,Kanpur,26.4499,80.3319
Yamuna,B,8.81,13.31,34.21,9.28,3.73,161.95,26.31,3455,New Delhi,28.6139,77.209
Yamuna,A,8.61,4.41,21.05,4.16,4.87,230.75,27.38,2213,Uttarkashi,30.7298,78.4434
Ganga,C,8.3,8.8,15.01,8.56,5.24,752.09,8.05,2844,Patna,25.5941,85.1376
Kaveri,C,8.37,1.55,27.45,9.99,2.42,440.12,13.92,804,Erode,11.341,77.7172
Yamuna,E,7.99,10.34,28.77,3.69,1.28,323.61,16.52,2489,Prayagraj,25.4358,81.8463
Mahanadi,E,6.78,5.52,25.23,4.12,9.52,705.04,28.48,1533,Paradip,20.316,86.6103
Krishna,A,8.72,13.57,16.76,7.3,3.17,346.24,29.96,4866,Mahabaleshwar,17.9307,73.6477
Krishna,A,8.01,13.43,23.6,9.72,3.16,301.26,7.14,2204,Mahabaleshwar,17.9307,73.6477
Mahanadi,D,7.68,5.55,19.18,9.33,1.75,205.46,21.84,2538,Bhubaneswar,20.2961,85.8245
Ganga,E,6.33,13.61,21.83,6.02,9.36,333.35,11.4,444,Kolkata,22.5726,88.3639
Mahanadi,B,7.34,14.95,26.84,8.36,6.22,287.51,0.34,2048,Sambalpur,21.4669,83.9812
Narmada,C,7.38,12.56,29.14,3.09,7,557.98,0.38,1716,Hoshangabad,22.7441,77.7369
Narmada,A,8.59,12.83,17.34,9.82,9.2,267.19,13.87,78,Amarkantak,22.6744,81.7597
Ganga,C,7.64,4.49,21.32,9.71,4.11,482.9,14.7,1914,Patna,25.5941,85.1376
Mahanadi,C,7.14,9.07,18.19,3.31,6.59,99.42,0.77,3969,Cuttack,20.4625,85.8828
Narmada,D,8.93,1.94,16.57,4.4,1.35,193.47,20.64,2961,Vadodara,22.3072,73.1812
Kaveri,E,6.33,2.33,30.02,2.8,2.68,355.55,8.89,4659,Thanjavur,10.787,79.1378
Mahanadi,A,7.27,14.98,32.91,4.17,8.48,752.71,16.84,2723,Raipur,21.2514,81.6296
Kaveri,C,6.13,5.57,20.52,8.53,7.9,332.94,9.1,3379,Erode,11.341,77.7172
Narmada,A,8.22,11.47,29.28,5.03,4.16,548.06,5.1,4605,Amarkantak,22.6744,81.7597
Krishna,B,8.75,12.29,32.63,2.71,4.39,241.32,12.27,3737,Sangli,16.8524,74.5815
Narmada,D,6.84,13.01,31.46,4.74,5.8,145.28,7.04,2414,Vadodara,22.3072,73.1812
Kaveri,B,8.58,14.97,16.2,9.85,1,93.9,16.09,3335,Mysuru,12.2958,76.6394
Brahmaputra,A,6.88,4.38,33.99,7.04,3.17,279.06,6.04,3556,Dibrugarh,27.4728,94.911
Godavari,A,8.73,1.56,20.66,5.33,2.87,168.25,15.3,2313,Nashik,19.9975,73.7898
Yamuna,E,8.26,6.76,19.8,3.33,3.25,180.51,4.81,3691,Prayagraj,25.4358,81.8463
Mahanadi,C,8.41,2.82,13.44,9.89,8.25,620.57,20.16,3231,Cuttack,20.4625,85.8828
Brahmaputra,C,6.05,1.31,23.18,8.57,3.52,61.88,22.64,4384,Guwahati,26.1445,91.7362
Narmada,B,8.89,6.05,14.51,4.25,2.72,468.36,3.4,1092,Jabalpur,23.1815,79.9864
Krishna,D,8.18,11.97,17.72,2.56,5.54,334.6,14.09,455,Guntur,16.3067,80.4365
Ganga,C,6.91,8.93,19.29,2.45,8.79,429.91,2.22,4941,Patna,25.5941,85.1376
Narmada,E,8.49,5.38,30.6,2.96,3.17,472.12,17.99,4860,Bharuch,21.7051,72.9959
Krishna,B,6.84,10.16,32.14,6.65,1.71,285.03,8.01,1602,Sangli,16.8524,74.5815
Godavari,B,8.62,4.25,18.96,9.43,4.21,271.33,15.88,2785,Nanded,19.16,77.31
Narmada,E,6.34,1.2,31.75,5.97,7.73,600.05,15.57,3826,Bharuch,21.7051,72.9959
Kaveri,D,8.11,11.7,31.72,8.74,5.96,703.46,27.74,3063,Tiruchirappalli,10.7905,78.7047
Ganga,E,7.62,9.73,29.59,5.57,8.35,194.44,16.52,1600,Kolkata,22.5726,88.3639
Krishna,D,6.29,11.67,15.37,7.67,9.64,123.21,17.53,2241,Guntur,16.3067,80.4365
Krishna,E,6.73,1.55,27.88,7.85,8.13,723.35,12.11,1571,Machilipatnam,16.1875,81.1389
Krishna,E,6.04,12.72,33.74,3.39,6.43,312.42,28.48,4282,Machilipatnam,16.1875,81.1389
Godavari,A,7.41,9.67,27.7,4.89,5.44,463.49,23.34,3656,Nashik,19.9975,73.7898
Narmada,B,6.9,8.89,19.63,7.1,1.36,319.66,8.63,4952,Jabalpur,23.1815,79.9864
Godavari,E,7.8,9.74,23.51,2.57,9.86,144.35,25.34,3248,Kakinada,16.9891,82.2475
Mahanadi,E,6.89,13.1,26.85,4.89,4.45,492,13.03,1610,Paradip,20.316,86.6103
Yamuna,C,6.9,9.22,23.74,6.28,2.37,443.86,24.88,2066,Mathura,27.4924,77.6737
Yamuna,B,8.23,9.13,14.76,9.97,7,202.25,24.7,4341,New Delhi,28.6139,77.209
Mahanadi,C,6.14,14.87,19.18,5.8,3.56,388.9,5.75,719,Cuttack,20.4625,85.8828
Narmada,B,8.71,11.59,30.46,8.53,6.27,647.71,21.06,2981,Jabalpur,23.1815,79.9864
Kaveri,C,8.56,7.19,31.81,5.46,6.28,492.82,8.79,2742,Erode,11.341,77.7172
Godavari,E,8,10.9,15.16,8.37,5.01,122.69,9,803,Kakinada,16.9891,82.2475
Ganga,E,7.78,6.45,33.9,6.76,8.53,461.02,8.96,3109,Kolkata,22.5726,88.3639
Krishna,A,8.68,4.2,19.56,9.09,3.38,577.05,21.79,2865,Mahabaleshwar,17.9307,73.6477
Krishna,C,6.56,9.36,27.23,5.29,5.04,644.53,6.97,36,Vijayawada,16.5062,80.648
Narmada,D,6.24,13.99,29.29,6.83,5.84,521.84,0.13,3277,Vadodara,22.3072,73.1812
Kaveri,A,6.72,14.01,30.67,7.04,6.97,164.49,21.49,94,Kodagu,12.3375,75.8069
Yamuna,C,8.38,5.79,33.75,5.34,8.06,582.63,5.22,3111,Mathura,27.4924,77.6737
Yamuna,C,6.1,8.39,19.2,3.15,4.55,558.01,3.22,1132,Mathura,27.4924,77.6737
Krishna,A,7.75,3.96,31.75,2.75,6.81,68.32,7.2,21,Mahabaleshwar,17.9307,73.6477
Narmada,E,8.99,14.94,15.03,2.13,2.36,358.81,11.46,1758,Bharuch,21.7051,72.9959
Godavari,C,8.57,14.74,28.22,8.99,9.39,299.71,14.33,3119,Adilabad,19.6667,78.5333
Yamuna,E,7.56,10.09,29.07,3.89,4.45,552.06,1.43,1886,Prayagraj,25.4358,81.8463
Godavari,A,6.19,12.26,27.59,3.69,7.57,212.1,29.12,2629,Nashik,19.9975,73.7898
Kaveri,E,8.49,11.01,17.8,7.89,1.18,493.15,21.51,189,Thanjavur,10.787,79.1378
Yamuna,B,7.8,9.3,32.08,4.56,2.85,734.9,9.76,806,New Delhi,28.6139,77.209
Yamuna,D,6.34,1.75,15.88,6.05,5.38,648.35,9.63,3823,Agra,27.1767,78.0081
Brahmaputra,C,6.28,7.37,13.23,3.3,8.9,741.09,13.51,2034,Guwahati,26.1445,91.7362
Yamuna,D,8.73,10.45,28.5,9.68,5.75,783.88,18.82,3227,Agra,27.1767,78.0081
Mahanadi,E,8.01,10.49,22.94,8.81,9.37,58,4.48,896,Paradip,20.316,86.6103
Ganga,C,8.49,6.22,31.53,8.91,5.35,517.06,5.75,2478,Patna,25.5941,85.1376
Mahanadi,E,8.64,14.18,20.82,5.25,5.41,359.63,25.8,3397,Paradip,20.316,86.6103
Narmada,B,7.72,3.34,15.87,8.1,2.08,694.89,7.76,1529,Jabalpur,23.1815,79.9864
Narmada,A,7.55,8.01,31.24,3.15,8.22,238.86,11.47,2442,Amarkantak,22.6744,81.7597
Godavari,C,7.29,10.67,24.62,2.07,3.22,785.77,26.15,4876,Adilabad,19.6667,78.5333
Mahanadi,B,6.95,10.76,16.35,2.16,9.1,510.28,19.93,926,Sambalpur,21.4669,83.9812
Mahanadi,B,7.3,10.08,28.57,6.69,9.2,645.15,10.32,2080,Sambalpur,21.4669,83.9812
Mahanadi,C,8.32,4.85,23.76,5.64,9.49,114.2,20.54,3986,Cuttack,20.4625,85.8828
Kaveri,E,7.81,3.19,25.9,6.14,5.68,187.59,0.69,1791,Thanjavur,10.787,79.1378
Yamuna,B,8.68,9.9,22.6,2.06,7.09,618.8,22.1,348,New Delhi,28.6139,77.209
Ganga,D,7.33,9.39,31.06,5.38,8.01,66.49,14.66,1526,Varanasi,25.3176,82.9739
Godavari,B,7.82,3.51,31.08,7.74,2.18,662.66,24.41,2880,Nanded,19.16,77.31
Mahanadi,E,7.89,10.87,28.32,5.54,6.41,60.46,28.64,3592,Paradip,20.316,86.6103
Mahanadi,E,7.78,7.37,14.42,7.86,1.31,542.84,27.78,924,Paradip,20.316,86.6103
Brahmaputra,D,8.11,10.35,31.29,3.86,5.48,323.82,27.29,3300,Goalpara,26.17,90.62
Godavari,B,6.71,12.72,27.43,8.51,2.39,508.62,15.41,4580,Nanded,19.16,77.31
Mahanadi,E,7.54,3.38,28.03,6.71,2.65,572.02,10.87,1456,Paradip,20.316,86.6103
Godavari,C,6.31,1.27,20.35,3.69,4.29,306.86,14,1389,Adilabad,19.6667,78.5333
Yamuna,A,7.15,11.91,32.22,3.89,4.89,130.97,20.73,1493,Uttarkashi,30.7298,78.4434
Brahmaputra,A,7.46,9.54,28.68,7.02,6.61,102.23,26.53,2084,Dibrugarh,27.4728,94.911
Godavari,A,7.96,10.79,14.59,8.64,1.67,491.7,6.29,810,Nashik,19.9975,73.7898
Ganga,B,8.85,12.73,21.38,5.33,5.53,440.49,27.55,1256,Kanpur,26.4499,80.3319
Ganga,D,7.8,12.24,32.39,4.07,2.64,606.65,24.47,4969,Varanasi,25.3176,82.9739
Narmada,E,8.23,14.45,13.09,8.94,6.17,432.3,29.37,2747,Bharuch,21.7051,72.9959
Brahmaputra,C,7.52,8.5,34.11,7.35,6.74,366.83,26.42,3505,Guwahati,26.1445,91.7362
Brahmaputra,C,7.9,7.84,27.62,5.58,6.01,348.57,8.47,4844,Guwahati,26.1445,91.7362
Narmada,B,6.21,6.63,26.52,5.9,7.64,69.84,3.27,3267,Jabalpur,23.1815,79.9864
Godavari,A,6.76,3.15,18.22,3.63,4.02,301.67,3.46,3887,Nashik,19.9975,73.7898
Brahmaputra,B,7.09,9.02,17.72,7.01,7.89,782.02,8.81,991,Tezpur,26.633,92.8
Ganga,D,7.42,4.88,33.67,4.87,4.89,705.17,18.46,2486,Varanasi,25.3176,82.9739
Ganga,D,6.14,13.9,18.86,9.97,5.36,297.03,24.15,2098,Varanasi,25.3176,82.9739
Mahanadi,E,6.42,9.16,29.84,5.84,6.83,490.85,26.99,2962,Paradip,20.316,86.6103
Yamuna,E,6.83,9.3,21.04,5.89,1.17,685.47,18.75,1021,Prayagraj,25.4358,81.8463
Brahmaputra,D,8.91,5.97,15.2,6.53,6.89,380.96,0.27,3474,Goalpara,26.17,90.62
Godavari,D,6.99,1.73,12.25,9.33,6.57,63.47,5.67,2760,Rajahmundry,17.0005,81.804
Narmada,D,7.45,1.44,24.52,8.41,3.79,105.88,3.08,2136,Vadodara,22.3072,73.1812
Narmada,B,6.59,6.93,34.44,5.61,1.77,432.79,10.96,4822,Jabalpur,23.1815,79.9864
Godavari,D,7.83,2.18,20.49,7.75,1.82,777.08,15.09,3871,Rajahmundry,17.0005,81.804
Kaveri,C,6.84,9.5,20.22,6.69,9.31,569.91,1.4,2601,Erode,11.341,77.7172
Krishna,A,6.62,13.33,19.91,5.94,7.2,103.19,10.52,1483,Mahabaleshwar,17.9307,73.6477
Yamuna,D,7.55,13.36,23.97,3.54,2.14,192.02,5.46,2531,Agra,27.1767,78.0081
Narmada,A,6.02,10.23,22.14,5.71,4.21,628.49,19.45,1175,Amarkantak,22.6744,81.7597
Brahmaputra,B,6.02,3.96,32.24,3.97,6.33,681.08,13.98,3332,Tezpur,26.633,92.8
Yamuna,A,6.66,13.08,23.63,9.32,8.52,513.27,14.91,619,Uttarkashi,30.7298,78.4434
Brahmaputra,B,6.11,13.41,23.68,4.68,1.39,533.32,12.89,2193,Tezpur,26.633,92.8
Kaveri,C,6.32,3.75,15.18,9.62,3.13,71.25,28.68,2541,Erode,11.341,77.7172
Ganga,B,7.02,11.32,34.6,6.26,9.01,671.4,6.52,2871,Kanpur,26.4499,80.3319
Yamuna,B,8.41,5.01,17.75,7.05,1.08,641.21,15.55,4660,New Delhi,28.6139,77.209
Mahanadi,E,7.72,12.24,13.69,6.34,2.81,244.28,22.11,1665,Paradip,20.316,86.6103
Narmada,D,7.54,14.96,27.25,3.04,9.63,581.51,16.75,1765,Vadodara,22.3072,73.1812
Yamuna,D,6.88,1.42,25.69,5.01,6.52,211.14,27.88,55,Agra,27.1767,78.0081
Yamuna,C,8.8,13.56,21.55,2.79,3.36,80.25,11.4,1269,Mathura,27.4924,77.6737
Yamuna,C,7.19,9.72,21.71,6.98,1.6,200.85,13.96,4648,Mathura,27.4924,77.6737
Krishna,D,6.26,14.63,30.06,5.57,1.25,183.97,2.75,3242,Guntur,16.3067,80.4365
Yamuna,E,7.85,7.51,16.5,8.22,3.2,303.31,18.31,1461,Prayagraj,25.4358,81.8463
Brahmaputra,D,6.34,12.86,30.87,3.76,8.93,363.84,8.72,2128,Goalpara,26.17,90.62
Ganga,E,7.04,1.87,26.92,3.32,4.74,431.4,4.89,2577,Kolkata,22.5726,88.3639
Kaveri,C,7.52,5.69,21.64,5.25,7.48,407.57,16.38,2002,Erode,11.341,77.7172
Godavari,A,8.62,1.94,22.53,9.41,9.26,253.01,16.02,3133,Nashik,19.9975,73.7898
Yamuna,C,7.48,14.65,17.9,7.68,4.67,71.88,2.37,2350,Mathura,27.4924,77.6737
Narmada,C,8.11,12.44,29.3,5.35,2.72,503.83,20.98,4917,Hoshangabad,22.7441,77.7369
Yamuna,B,8.98,12.94,23.8,6.14,5.65,346.81,18.75,1498,New Delhi,28.6139,77.209
Narmada,B,6.39,14.13,19.38,2.67,9.17,274,5.75,1583,Jabalpur,23.1815,79.9864
Brahmaputra,B,6.82,2.19,25.71,9.88,8.24,700.21,14.14,4972,Tezpur,26.633,92.8
Narmada,B,7.18,6.4,34.9,7.33,1.59,610.06,21.64,2437,Jabalpur,23.1815,79.9864
Mahanadi,E,7.27,1.99,22.01,4.28,7.23,693.32,15.93,1776,Paradip,20.316,86.6103
Godavari,D,7.23,3.95,33.18,6.69,6.15,421.24,11.93,3559,Rajahmundry,17.0005,81.804
Ganga,A,8.72,4.21,19.94,2.88,9.17,148.2,9.74,2319,Rishikesh,30.0869,78.2676
Narmada,C,8.14,7.57,13.26,9.73,2.1,572.17,18.35,4685,Hoshangabad,22.7441,77.7369
Narmada,E,7.82,4.76,16.7,3.4,5.81,204.56,28.18,2414,Bharuch,21.7051,72.9959
Ganga,A,6.93,2.41,21.63,7.18,8.92,380.92,20.19,1452,Rishikesh,30.0869,78.2676
Godavari,E,8.47,3.34,17.05,3.96,4.69,98.75,2.33,4803,Kakinada,16.9891,82.2475
Yamuna,E,8.87,3.06,12.01,7.74,5.34,668.98,13.87,1986,Prayagraj,25.4358,81.8463
Narmada,C,8.46,14.62,33.05,8.21,1.63,144.46,26.74,3983,Hoshangabad,22.7441,77.7369
Ganga,D,6,11.63,31.41,7.39,3.5,727.32,2.92,2500,Varanasi,25.3176,82.9739
Mahanadi,B,7.91,14.55,29.07,6.92,3.92,698.17,29.67,735,Sambalpur,21.4669,83.9812
Mahanadi,D,6.15,7.16,15.86,9.14,9.51,398.44,28.48,3813,Bhubaneswar,20.2961,85.8245
Brahmaputra,C,6.77,4.9,14.77,2.63,3.54,608.28,2.44,4391,Guwahati,26.1445,91.7362
Ganga,C,6.18,12.18,13.55,4.65,5.15,514.58,28.01,3837,Patna,25.5941,85.1376
Brahmaputra,C,7.81,5.57,28.65,3.99,7.04,652.31,10.96,4675,Guwahati,26.1445,91.7362
Mahanadi,A,8.06,5.19,33.36,9.9,2.46,373.85,25.36,3629,Raipur,21.2514,81.6296
Godavari,D,6.34,4.26,21.9,5.12,5.38,639.36,12.61,2897,Rajahmundry,17.0005,81.804
Yamuna,D,7.15,2.82,14.74,7.86,7.65,396.84,13.28,507,Agra,27.1767,78.0081
Ganga,E,7.37,4.59,23.79,7.48,8.8,755.72,19.06,3986,Kolkata,22.5726,88.3639
Kaveri,E,7.11,5.97,20.02,3.7,6.64,414.78,23.26,714,Thanjavur,10.787,79.1378
Mahanadi,E,6.36,10.44,20.62,3.91,7.02,396.96,1.11,4667,Paradip,20.316,86.6103
Mahanadi,C,7.26,1.88,26.29,4.25,2.14,638.8,17.84,4137,Cuttack,20.4625,85.8828
Kaveri,D,8.25,3.95,28.53,5.29,9.51,666.18,5.68,3691,Tiruchirappalli,10.7905,78.7047
Krishna,C,6.21,12.33,14.54,3.87,2.19,465.87,10.44,4148,Vijayawada,16.5062,80.648
Mahanadi,A,6.24,3.06,12.82,2.16,7.97,184.85,10.5,1926,Raipur,21.2514,81.6296
Narmada,E,7.06,5.8,34.87,9.04,3.38,400.82,14.12,1384,Bharuch,21.7051,72.9959
Godavari,C,8.83,13.11,17.35,9.72,9.4,776.05,10.09,1855,Adilabad,19.6667,78.5333
Ganga,C,8.01,3.17,13.24,4.73,7.48,614.74,3.31,4664,Patna,25.5941,85.1376
Kaveri,A,8.04,2.16,16.37,4.71,7.78,658.37,4.45,1446,Kodagu,12.3375,75.8069
Narmada,B,7.09,7.78,12.9,2.06,2.97,74.62,1.1,3100,Jabalpur,23.1815,79.9864
Kaveri,D,7.78,5.23,21.01,7.44,4.99,400.89,14.16,1380,Tiruchirappalli,10.7905,78.7047
Ganga,B,6.03,8.89,30.46,8.6,6.56,534.97,28.64,1938,Kanpur,26.4499,80.3319
Brahmaputra,E,7.91,12.25,19.85,3.17,7.93,672.52,3.56,1646,Dhubri,26.0222,89.9856
Ganga,C,8.74,2.92,22.22,3.28,1.94,86.96,28.39,101,Patna,25.5941,85.1376
Krishna,A,7.84,9.13,27.54,8.32,9.66,689.33,22.03,1853,Mahabaleshwar,17.9307,73.6477
Ganga,A,8.62,8.08,23.7,6.93,9.01,461.3,19.16,194,Rishikesh,30.0869,78.2676
Ganga,D,8.17,3.02,31.81,2.36,3.43,197.99,19.39,4833,Varanasi,25.3176,82.9739
Krishna,B,6.36,9.74,31.92,6.98,8.4,287.94,24.82,1581,Sangli,16.8524,74.5815
Godavari,D,8.71,4.83,12.23,4.47,5.66,261.45,3.3,841,Rajahmundry,17.0005,81.804
Mahanadi,C,6.2,7.83,29.9,4.95,5.16,448.14,15.19,4450,Cuttack,20.4625,85.8828
Ganga,D,7.6,2.15,22.6,8.16,3.83,88.76,20.94,2135,Varanasi,25.3176,82.9739
Krishna,A,6.43,7.43,34.74,8.49,6.23,168.9,17.65,4272,Mahabaleshwar,17.9307,73.6477
Narmada,A,6.04,5.29,23.11,5.2,7.57,659.52,25,273,Amarkantak,22.6744,81.7597
Brahmaputra,E,7.27,12.51,34.7,9.58,4.7,149.45,2.26,1296,Dhubri,26.0222,89.9856
Brahmaputra,E,6.89,1.8,29.36,5.25,6.66,225.05,20.75,1539,Dhubri,26.0222,89.9856
Ganga,C,7.46,6.86,17.72,8.17,7.29,390.03,16.07,1818,Patna,25.5941,85.1376
Godavari,B,7.73,7.42,24.38,5.87,7.4,437.84,11.44,1887,Nanded,19.16,77.31
Godavari,D,6.13,11.15,34.82,9.18,1.47,622.71,10.27,1759,Rajahmundry,17.0005,81.804
Narmada,C,6.37,9.04,31.72,9.26,8.74,385.5,18.66,1919,Hoshangabad,22.7441,77.7369
Ganga,E,7.68,10.34,14.24,2.7,5.12,642.4,26.74,2633,Kolkata,22.5726,88.3639
Brahmaputra,D,7.03,11.88,28.25,9.49,3.36,513.76,14.94,1207,Goalpara,26.17,90.62
Godavari,E,8.19,13.07,19.95,8.6,3.18,134.82,24.76,2488,Kakinada,16.9891,82.2475
Ganga,D,7.96,5.39,12.16,8.33,5.35,167.25,12.12,4873,Varanasi,25.3176,82.9739
Kaveri,B,8.54,8.53,21.28,3.61,8.98,377.78,3.16,2520,Mysuru,12.2958,76.6394
Godavari,C,8.08,12.76,17.4,8.44,4.41,347.67,1.94,110,Adilabad,19.6667,78.5333
Krishna,D,7.29,14.85,30.83,8.8,7.75,607.66,1.63,3097,Guntur,16.3067,80.4365
Kaveri,A,8.02,13.45,19.76,4.31,1.87,485.55,11.47,1929,Kodagu,12.3375,75.8069
Mahanadi,A,6.83,6.2,31.03,9.62,5.28,341.1,10.18,2301,Raipur,21.2514,81.6296
Godavari,D,6.92,3.73,12.01,2.4,9.93,178.07,21.57,3330,Rajahmundry,17.0005,81.804
Brahmaputra,D,8.37,7.85,19.08,3.2,7.93,220.13,22.31,114,Goalpara,26.17,90.62
Yamuna,D,7.34,11.38,17.55,6.3,2.89,481.63,1.62,703,Agra,27.1767,78.0081
Kaveri,A,8.4,7.9,17.37,6.61,5.51,367.58,6.71,3250,Kodagu,12.3375,75.8069
Mahanadi,A,8.47,7.76,13.57,7.16,3.1,436.2,8.3,3501,Raipur,21.2514,81.6296
Narmada,D,8.57,12.74,16.3,2.14,4.69,178.01,16.47,3402,Vadodara,22.3072,73.1812
Narmada,E,8.75,6.06,24.78,9.68,8.02,547.18,4.42,4923,Bharuch,21.7051,72.9959
Brahmaputra,E,7.29,13.04,18.7,2.36,7.94,689.4,4.1,2278,Dhubri,26.0222,89.9856
Godavari,B,6.96,6.7,21.6,3.14,3.05,243.45,28.32,3793,Nanded,19.16,77.31
Ganga,C,7.75,5.6,20.67,2.11,9.3,418.64,24.15,3522,Patna,25.5941,85.1376
Godavari,E,7.11,7.36,32.15,6.53,6.33,781.65,5.5,899,Kakinada,16.9891,82.2475
Brahmaputra,A,7.8,11.67,32.82,9.46,4.42,299.93,12.26,799,Dibrugarh,27.4728,94.911
Narmada,E,8.12,2.76,23.34,7.33,5.52,496.28,10.73,4658,Bharuch,21.7051,72.9959
Godavari,B,8.07,3.75,19.59,8.58,6.45,117.65,23.75,4949,Nanded,19.16,77.31
Narmada,B,7.12,14.32,14.46,2.11,6.04,504.51,15.36,668,Jabalpur,23.1815,79.9864
Kaveri,C,6.5,3.46,33.93,6.34,5.38,117.22,3.92,1028,Erode,11.341,77.7172
Mahanadi,E,7.29,8.95,13.39,5.68,5.54,769.43,22.2,1963,Paradip,20.316,86.6103
Ganga,A,6.43,9.11,18.85,5.99,2.59,586.75,11.97,1200,Rishikesh,30.0869,78.2676
Kaveri,A,8.67,7.85,18.86,2.58,8.31,641.12,7.96,3716,Kodagu,12.3375,75.8069
Narmada,D,7.04,10.03,19.37,7.48,5.88,578.08,11.33,3667,Vadodara,22.3072,73.1812
Narmada,A,6.46,4.22,15.78,6.03,2.18,492.3,14.98,4856,Amarkantak,22.6744,81.7597
Yamuna,C,6.08,8.74,30.01,8.12,7.9,387.43,10.36,2306,Mathura,27.4924,77.6737
Yamuna,C,7.94,6.21,14.82,5.88,9.39,693.78,7.33,784,Mathura,27.4924,77.6737
Kaveri,A,7.91,10.26,26.6,3.2,9.53,767.63,12.02,2821,Kodagu,12.3375,75.8069
Krishna,A,7.02,2.98,14.85,7.19,4.32,424.28,0.67,1390,Mahabaleshwar,17.9307,73.6477
Kaveri,D,6.22,8.99,13.62,3.38,2.22,748.65,23.2,3192,Tiruchirappalli,10.7905,78.7047
Yamuna,A,7.23,3.59,32.92,8.98,5.67,487.5,5.21,4797,Uttarkashi,30.7298,78.4434
Narmada,D,6.93,4.9,16.37,6.9,2.01,453.79,1.41,4824,Vadodara,22.3072,73.1812
Brahmaputra,D,8.03,4.06,30.89,3.26,9.41,390.86,19.65,4339,Goalpara,26.17,90.62
Kaveri,A,7.82,3.56,24.53,9.7,2.65,206.97,23.24,3107,Kodagu,12.3375,75.8069
Narmada,B,7.09,12.56,13.79,6.15,3.27,52.79,24.43,1414,Jabalpur,23.1815,79.9864
Brahmaputra,B,6.65,5,33.98,2.58,4.66,231.13,14.86,3811,Tezpur,26.633,92.8
Brahmaputra,D,8.96,13.98,17.68,7.01,4.45,432.29,6.24,1379,Goalpara,26.17,90.62
Yamuna,A,7.36,14.58,31.77,4.03,8.15,334.97,22.14,2074,Uttarkashi,30.7298,78.4434
Kaveri,B,8.06,9,15.88,8.43,5.11,386.36,21.02,2302,Mysuru,12.2958,76.6394
Godavari,A,6.42,3,31.64,8.54,2.54,785.49,7.46,2775,Nashik,19.9975,73.7898
Ganga,A,7.46,6.24,12.3,9.83,3.4,312.7,27.11,2827,Rishikesh,30.0869,78.2676
Yamuna,A,6.08,12.17,23.77,6.01,5.58,389.14,3.22,726,Uttarkashi,30.7298,78.4434
Yamuna,E,7.52,6.14,29.7,5.64,2.33,150.14,29.48,4050,Prayagraj,25.4358,81.8463
Godavari,A,8.89,2.22,33.5,8.03,6.5,85.97,25.82,1721,Nashik,19.9975,73.7898
Ganga,E,7.15,8.79,32.91,3.06,6.09,631.56,20.67,1235,Kolkata,22.5726,88.3639
Narmada,D,6.12,12.83,30.85,6.38,7.43,478.01,28.17,18,Vadodara,22.3072,73.1812
Krishna,B,6.09,12.14,32.43,6.37,9.44,620.53,21.7,607,Sangli,16.8524,74.5815
Kaveri,B,7.16,3.45,16.58,2.72,9.21,162.4,5.79,4128,Mysuru,12.2958,76.6394
Krishna,B,6.48,10.42,18.54,5.34,9.51,478.87,13.32,1618,Sangli,16.8524,74.5815
Narmada,B,6.07,4.09,18.65,8.83,3.2,240.23,2.24,3041,Jabalpur,23.1815,79.9864
Mahanadi,B,8.27,4.05,20.67,8.85,2.18,221.05,11.75,3677,Sambalpur,21.4669,83.9812
Yamuna,B,7.38,13.24,21.05,2.79,3.72,58.64,22.27,2256,New Delhi,28.6139,77.209
Ganga,B,6.87,4.5,24.52,2.73,9.06,147.76,11.65,3636,Kanpur,26.4499,80.3319
Yamuna,D,8.7,4.69,15.68,4.1,9.75,281.95,9.98,4081,Agra,27.1767,78.0081
Brahmaputra,A,6.35,1.01,27.9,9,8.73,137.66,17.9,2832,Dibrugarh,27.4728,94.911
Yamuna,C,8.87,13.19,15.85,3.03,1.99,789.39,26.18,101,Mathura,27.4924,77.6737
Yamuna,E,6.94,12.1,19.14,7.76,9.53,281.47,1.52,860,Prayagraj,25.4358,81.8463
Narmada,C,8.67,9.78,23.58,2.81,4.81,147.74,11.63,1117,Hoshangabad,22.7441,77.7369
Narmada,C,7.81,11.5,30.32,6.99,1.08,199.31,4.83,309,Hoshangabad,22.7441,77.7369
Narmada,A,8.48,3.13,29.01,4.85,4.98,490.78,20.89,2353,Amarkantak,22.6744,81.7597
Krishna,A,8.95,7.42,26.85,8.31,1.41,98.03,3.26,1487,Mahabaleshwar,17.9307,73.6477
Brahmaputra,A,6.87,5.92,15.58,3.87,5.89,696.83,19.98,1092,Dibrugarh,27.4728,94.911
Mahanadi,B,8.88,2.31,24.58,7.11,4.05,771.12,8.66,2966,Sambalpur,21.4669,83.9812
Mahanadi,D,7.17,7.81,14.01,3.89,5.26,235.06,6.05,2928,Bhubaneswar,20.2961,85.8245
Narmada,B,7.16,13.89,20.68,7.71,6.52,387.57,28.1,1375,Jabalpur,23.1815,79.9864
Ganga,D,7.02,1.56,21.51,8.99,8.82,66.6,0.65,2810,Varanasi,25.3176,82.9739
Krishna,D,7.62,5.08,12.92,3.01,6.96,530.53,13.19,3546,Guntur,16.3067,80.4365
Godavari,C,6.46,3.91,18.3,8.93,4.91,360.44,0.75,3961,Adilabad,19.6667,78.5333
Ganga,C,7.66,4.33,33.98,6.75,8.37,252.54,14.56,2119,Patna,25.5941,85.1376
Kaveri,D,7.63,13.72,33.93,3.02,9.15,205.13,15.08,785,Tiruchirappalli,10.7905,78.7047
Kaveri,D,8.29,7.55,20.1,5.42,2.08,540.52,9.72,1462,Tiruchirappalli,10.7905,78.7047
Ganga,B,8.5,7.53,12.99,3.29,5.79,362.16,4.05,1691,Kanpur,26.4499,80.3319
Narmada,B,7.32,11.65,16.12,7.6,3.56,184.74,11.35,2313,Jabalpur,23.1815,79.9864
Godavari,C,6.91,3.16,21.02,8.07,1.42,566.83,20.2,1861,Adilabad,19.6667,78.5333
Godavari,A,6.78,7.82,33.8,2.85,7.02,473.8,23.49,1907,Nashik,19.9975,73.7898
Krishna,D,6.58,7.02,15.25,6.05,8.76,694,15.97,3428,Guntur,16.3067,80.4365
Godavari,B,6.17,9.36,29.56,8.52,2.47,138.11,17.74,3607,Nanded,19.16,77.31
Kaveri,C,7.03,14.99,14.5,9.49,8.31,639.25,6.1,1337,Erode,11.341,77.7172
Brahmaputra,B,6.81,11.77,34.57,6.11,8.68,555.14,8.69,624,Tezpur,26.633,92.8
Narmada,D,8.9,6.57,20.78,9.6,9.23,136.26,4.94,254,Vadodara,22.3072,73.1812
Godavari,D,7.67,12.59,29.83,6.29,3.39,571.12,7.55,766,Rajahmundry,17.0005,81.804
Krishna,E,7.04,3.39,19.88,5.15,9.14,381.16,6.82,833,Machilipatnam,16.1875,81.1389
Kaveri,A,7.74,1.43,26.44,8.79,3.89,758.74,15.63,2837,Kodagu,12.3375,75.8069
Brahmaputra,E,6.42,3.86,16.42,5.94,5.97,156.21,16.92,3817,Dhubri,26.0222,89.9856
Yamuna,C,7.33,5.77,15.36,5.78,1.45,532.13,28.35,2789,Mathura,27.4924,77.6737
Yamuna,B,7.88,8.15,33.58,5.92,1.39,336.49,5.95,1856,New Delhi,28.6139,77.209
Brahmaputra,C,7.47,9.61,33.11,8.77,7.48,767.61,19.29,1250,Guwahati,26.1445,91.7362
Kaveri,D,7.21,13.75,32.41,8.66,5,297.48,24.54,4621,Tiruchirappalli,10.7905,78.7047
Krishna,E,8.98,8.14,26.38,5.23,3.31,771.64,16.85,483,Machilipatnam,16.1875,81.1389
Brahmaputra,E,8.64,8.02,30.59,4.67,2.71,726.11,7.72,4141,Dhubri,26.0222,89.9856
Narmada,E,7.87,1.7,13.59,5.94,7.03,252.79,7.95,3259,Bharuch,21.7051,72.9959
Narmada,C,7.71,1.49,19.7,6.58,1,652.66,1.27,1802,Hoshangabad,22.7441,77.7369
Yamuna,D,7.86,8.72,19.22,3.91,8.25,796.7,9.23,1744,Agra,27.1767,78.0081
Godavari,B,6.6,7.13,26.62,8.35,1.71,239.5,22.36,4935,Nanded,19.16,77.31
Krishna,B,7.19,12.75,20.19,5.89,2.72,377.58,1.52,3952,Sangli,16.8524,74.5815
Yamuna,C,6.12,3.25,15.42,4.67,4.48,440.14,6.66,954,Mathura,27.4924,77.6737
Godavari,E,7.43,1.35,25.72,2.85,5.36,271.2,21.22,1521,Kakinada,16.9891,82.2475
Godavari,A,7.63,7.29,30.73,3.91,4.19,61.45,23.5,4091,Nashik,19.9975,73.7898
Mahanadi,C,6.68,4.32,20.79,9.59,3.89,215.1,13.71,4536,Cuttack,20.4625,85.8828
Narmada,C,8.89,1.69,15.04,4.44,9.68,261.45,20.97,868,Hoshangabad,22.7441,77.7369
Kaveri,D,8.73,11.14,16.52,3.35,6.77,382.7,11.7,3570,Tiruchirappalli,10.7905,78.7047
Ganga,B,8.17,2.56,17.46,5.69,1.21,178.33,4.88,239,Kanpur,26.4499,80.3319
Kaveri,C,7.6,9.52,18.9,4.46,4.87,704.94,12,2427,Erode,11.341,77.7172
Ganga,C,8.61,4.93,26.78,2.28,8.88,578.68,17.44,187,Patna,25.5941,85.1376
Brahmaputra,E,6.39,3.43,25.82,4.59,3.71,113.9,28.45,3938,Dhubri,26.0222,89.9856
Narmada,E,8.37,6.32,28.01,6.35,1.85,537.57,2.16,2625,Bharuch,21.7051,72.9959
Godavari,A,6.37,12.22,20.34,6.41,7.83,540.24,15.27,1623,Nashik,19.9975,73.7898
Krishna,D,8.38,6.49,30.95,4.85,6.45,767.17,9.93,2850,Guntur,16.3067,80.4365
Ganga,A,6.83,11.51,16.69,5.58,6.13,52.27,15.3,2957,Rishikesh,30.0869,78.2676
Kaveri,E,8.63,2.76,22.79,9.72,1.48,235.95,0.82,1784,Thanjavur,10.787,79.1378
Godavari,B,8.83,11.82,30.42,5.02,2.26,745.84,9.46,3881,Nanded,19.16,77.31
Ganga,E,6.45,4.32,16.14,4.07,6.6,749.1,24.61,91,Kolkata,22.5726,88.3639
Ganga,D,7.39,10.48,14.53,3.95,2.87,590.44,16.66,855,Varanasi,25.3176,82.9739
Mahanadi,E,8.94,8.92,32.32,5.66,5.54,624.32,13.57,2819,Paradip,20.316,86.6103
Ganga,D,7.45,14.01,19.89,8.08,5.9,118.61,8.64,1226,Varanasi,25.3176,82.9739
Krishna,D,8.59,6.42,27.73,3.65,3.55,435.41,9.01,4723,Guntur,16.3067,80.4365
Narmada,D,7.77,1.93,12.58,7.67,9.54,223.69,11.55,3270,Vadodara,22.3072,73.1812
Krishna,D,7.13,1.27,27.87,2.17,8.58,185.91,25.08,3155,Guntur,16.3067,80.4365
Yamuna,D,6.86,12.58,19.27,5.35,7.5,657.73,29.02,2273,Agra,27.1767,78.0081
Godavari,B,6.61,8.35,13.28,8.21,1.7,151.28,13.22,2347,Nanded,19.16,77.31
Narmada,A,8.29,11.85,26.03,4.71,1.96,401.49,11.86,454,Amarkantak,22.6744,81.7597
Mahanadi,C,7.16,4.28,17.54,6.51,5.44,753.93,25.41,932,Cuttack,20.4625,85.8828
Narmada,A,7.53,5.83,20.9,3.64,2.45,189.37,12.86,4298,Amarkantak,22.6744,81.7597
Narmada,D,7.48,1.42,13.85,7.94,9.8,783.5,16.61,4394,Vadodara,22.3072,73.1812
Kaveri,B,7.73,14.46,15.38,2.42,2.43,795.72,7.01,2640,Mysuru,12.2958,76.6394
Narmada,E,8.6,10.35,18.85,8.82,5.39,466.71,22.33,1177,Bharuch,21.7051,72.9959
Mahanadi,B,8.94,14.06,14.06,3.59,4.28,177.61,16.01,3973,Sambalpur,21.4669,83.9812
Krishna,D,7.22,4.72,32.95,9,6.75,287.08,24.29,3451,Guntur,16.3067,80.4365
Narmada,B,8.48,9.56,12.14,4.82,2.16,368.37,23.44,3522,Jabalpur,23.1815,79.9864
Brahmaputra,B,8.29,10.5,23.13,7.78,4.87,281.99,6.53,905,Tezpur,26.633,92.8
Godavari,D,7.72,5.45,14.83,4.55,3.47,260.48,21.5,3732,Rajahmundry,17.0005,81.804
Narmada,B,8.87,12.87,19.08,9.25,8.99,779.17,24.02,2070,Jabalpur,23.1815,79.9864
Godavari,C,6.6,14.26,33.3,3.01,1.37,165.02,10.45,3044,Adilabad,19.6667,78.5333
Brahmaputra,C,6.33,13.39,15.72,3.43,9.22,600,5.26,2397,Guwahati,26.1445,91.7362
Brahmaputra,B,8.56,11.35,34.21,5.94,8.5,50.31,0.18,1907,Tezpur,26.633,92.8
Godavari,E,7.32,4.88,16.73,2.66,3.68,497.14,13.58,1809,Kakinada,16.9891,82.2475
Ganga,D,8.54,4.94,29.06,3.57,8.1,736.96,10.64,4417,Varanasi,25.3176,82.9739
Yamuna,C,8.68,14.49,24.57,9.55,1.28,265.95,16.69,2790,Mathura,27.4924,77.6737
Kaveri,E,6.19,1.14,32.34,9.81,9.7,189.14,5.72,1137,Thanjavur,10.787,79.1378
Ganga,B,8.65,11.02,24.74,5.01,5.74,538.76,25.8,348,Kanpur,26.4499,80.3319
Ganga,E,7.34,10.89,24.29,9.39,3.73,584.45,7.81,4464,Kolkata,22.5726,88.3639
Krishna,A,7.53,9.72,16.5,6.36,4.26,566.02,6.87,1182,Mahabaleshwar,17.9307,73.6477
Kaveri,C,7.88,14.86,15.82,4.16,1.6,289.49,14.47,2818,Erode,11.341,77.7172
Kaveri,B,8.78,5.37,33.08,7.62,9.9,239.15,15.02,4873,Mysuru,12.2958,76.6394
Ganga,D,6.06,5.76,19.54,7.27,1.35,766.94,6.53,3039,Varanasi,25.3176,82.9739
Narmada,B,7.43,2.11,20.56,9.91,6.89,742.47,8.23,2099,Jabalpur,23.1815,79.9864
Krishna,D,8.06,7.2,29.48,4.12,4.98,392.99,5.17,4307,Guntur,16.3067,80.4365
Krishna,B,8.17,4.65,19.79,7.38,9.54,684.65,21.58,3027,Sangli,16.8524,74.5815
Brahmaputra,E,8.08,5.81,33.9,2.42,3.21,389.24,23.13,4569,Dhubri,26.0222,89.9856
Mahanadi,E,6.4,12.68,28.97,2.91,5.79,368.29,13.92,458,Paradip,20.316,86.6103
Kaveri,E,6.9,14.1,25.74,2.03,5.34,167.57,21.45,4903,Thanjavur,10.787,79.1378
Ganga,A,7.08,3.6,32.26,10,7.33,369.8,22.1,803,Rishikesh,30.0869,78.2676
Brahmaputra,D,8.41,6.22,13.14,8.42,1.61,453.06,4.23,446,Goalpara,26.17,90.62
Godavari,E,6.84,14,17.91,8.29,2.74,66.88,28.99,4636,Kakinada,16.9891,82.2475
Yamuna,A,6.63,1.87,22.7,6.08,2.93,383.08,24.65,4670,Uttarkashi,30.7298,78.4434
Mahanadi,D,8.87,2.29,17.22,4.4,7.64,636.02,6.21,1630,Bhubaneswar,20.2961,85.8245
Mahanadi,B,6.03,3.28,29.11,3.21,2.7,560.03,5.67,3511,Sambalpur,21.4669,83.9812
Mahanadi,A,8.99,9.33,33.14,4.28,6.16,526.37,3.86,2929,Raipur,21.2514,81.6296
Krishna,C,8.03,3.11,21.75,5.01,2.94,732.17,4.24,4318,Vijayawada,16.5062,80.648
Godavari,A,8.49,14.55,19.87,8.05,8.75,63.52,22.47,958,Nashik,19.9975,73.7898
Mahanadi,A,6.88,7.25,34.12,6.32,9.48,467.79,14.14,3954,Raipur,21.2514,81.6296
Godavari,D,6.04,8.02,22.23,2.62,5.67,640.51,23.51,1137,Rajahmundry,17.0005,81.804
Narmada,B,8.21,4.45,23.25,2.14,4.17,456,22.41,201,Jabalpur,23.1815,79.9864
Mahanadi,C,8.5,7.59,20.09,2.82,3.11,292.92,18.18,4022,Cuttack,20.4625,85.8828
Yamuna,E,8.22,10.27,32.92,5.28,1.45,152.19,20.62,3770,Prayagraj,25.4358,81.8463
Godavari,E,6.43,11.52,25.09,9.47,3.42,715.67,0.65,3740,Kakinada,16.9891,82.2475
Godavari,A,8.26,11.55,29.53,7.1,6.89,403.07,9.42,1413,Nashik,19.9975,73.7898
Yamuna,D,8.31,9.09,30.67,8.41,5.8,708.59,19.17,2000,Agra,27.1767,78.0081
Mahanadi,D,7.98,13.66,19.86,5.73,9.5,489.39,0.38,1114,Bhubaneswar,20.2961,85.8245
Yamuna,E,8.3,12.44,21.97,4.89,4.57,555.64,1.09,4810,Prayagraj,25.4358,81.8463
Godavari,C,8.54,11.6,31.51,2.87,7.24,653.2,25.57,558,Adilabad,19.6667,78.5333
Yamuna,B,7.84,1.78,20.35,9.01,5.4,544.37,20.55,3458,New Delhi,28.6139,77.209
Godavari,C,6.27,1.1,30.26,8.27,5.61,348.54,8.03,1871,Adilabad,19.6667,78.5333
Godavari,B,7.46,3.97,33.64,3.34,3.41,435.23,20.67,4259,Nanded,19.16,77.31
Narmada,E,6.23,10.29,26.33,6.1,5.09,652.28,23.79,580,Bharuch,21.7051,72.9959
Ganga,B,7.22,6.76,29.06,5.9,5.24,330.24,9.27,1794,Kanpur,26.4499,80.3319
Godavari,D,7.22,6.63,30.52,7,7.36,341.09,1.18,2297,Rajahmundry,17.0005,81.804
Mahanadi,A,6.2,13.38,31.44,9.57,9.47,121.77,27.99,2431,Raipur,21.2514,81.6296
Brahmaputra,A,7.05,13.54,21.09,6.64,3.96,735.94,10.42,3982,Dibrugarh,27.4728,94.911
Krishna,E,6.33,13.73,13.18,6.32,1.38,118.28,3.28,814,Machilipatnam,16.1875,81.1389
Kaveri,D,8.42,5.39,21.24,2.4,5.47,536.16,14.81,808,Tiruchirappalli,10.7905,78.7047
Ganga,C,8.84,10.67,27.5,2.5,5.9,359.9,23.08,3285,Patna,25.5941,85.1376
Ganga,D,6.22,4.8,22.36,3.5,2.52,354.21,6.73,620,Varanasi,25.3176,82.9739
Ganga,A,8.87,3.67,29.23,2.26,7.84,559.66,8.16,1816,Rishikesh,30.0869,78.2676
Narmada,A,7.57,3.58,20.21,7.95,9.86,100.32,7.36,4248,Amarkantak,22.6744,81.7597
Godavari,D,6.9,5.79,26.6,7.79,9.51,495.28,29.75,3270,Rajahmundry,17.0005,81.804
Narmada,D,6.23,7.02,16.29,3.09,2.77,629.02,6,4377,Vadodara,22.3072,73.1812
Godavari,A,7.5,12.63,29.24,8.69,8.88,671.16,17.31,3381,Nashik,19.9975,73.7898
Mahanadi,C,8.38,2.68,24.55,3.24,7.34,177.9,27.77,2483,Cuttack,20.4625,85.8828
Narmada,E,8.12,11.29,16.69,4.41,5.08,723.06,4.49,2103,Bharuch,21.7051,72.9959
Narmada,E,6.15,8.44,18.71,3.99,5.87,542.11,29.13,2152,Bharuch,21.7051,72.9959
Krishna,D,6.22,5.03,29.22,4.98,8.65,711.39,28.43,4011,Guntur,16.3067,80.4365
Brahmaputra,E,7.21,7.9,23.1,4.04,5.32,413.96,26.55,3090,Dhubri,26.0222,89.9856
Narmada,A,6.89,5.2,16.97,5.91,4.36,456.53,6.52,4564,Amarkantak,22.6744,81.7597
Krishna,A,6.7,9.35,34.25,5.26,5.44,739.28,19.06,1442,Mahabaleshwar,17.9307,73.6477
Yamuna,D,6.84,7.07,28.45,9.89,6.21,724.93,22.85,2527,Agra,27.1767,78.0081
Brahmaputra,D,8.41,3.3,34.01,2.45,2.7,386.12,29.58,2867,Goalpara,26.17,90.62
Mahanadi,D,8.79,2.63,21.82,3.14,9.11,255.81,5.49,515,Bhubaneswar,20.2961,85.8245
Narmada,C,7.22,8.65,22.93,2.42,7.07,344.88,23,1106,Hoshangabad,22.7441,77.7369
Kaveri,E,8.72,13.63,32.65,7.01,6.7,340.82,10.23,4189,Thanjavur,10.787,79.1378
Ganga,D,6.96,5.82,24.08,2.44,1.9,265.15,5.35,4164,Varanasi,25.3176,82.9739
Yamuna,B,7.43,11.26,28.27,8.69,6.44,251.43,12.7,1054,New Delhi,28.6139,77.209
Yamuna,B,6.68,10.22,17.8,6.1,2.09,695.8,23.84,2214,New Delhi,28.6139,77.209
Mahanadi,A,7.92,14.04,22.27,6.22,1.71,102.4,14,3912,Raipur,21.2514,81.6296
Krishna,E,8.94,12.49,14.84,6.49,5.75,558.21,16.17,1362,Machilipatnam,16.1875,81.1389
Yamuna,D,7.81,8.93,16.74,3.37,4.63,179.62,29.86,1606,Agra,27.1767,78.0081
Brahmaputra,B,7.07,10.2,12.02,3.58,6.3,308.38,12.03,585,Tezpur,26.633,92.8
Narmada,E,7.94,13.58,12.9,4.55,1.8,96.16,18.5,689,Bharuch,21.7051,72.9959
Narmada,A,6.37,6.59,34.48,6.75,4.88,252.48,11.02,4308,Amarkantak,22.6744,81.7597
Kaveri,C,8.67,5.58,17.57,3.68,2.57,626.32,11.84,3722,Erode,11.341,77.7172
Mahanadi,E,7.51,1.15,27.26,2.93,9.88,713.76,20.9,3838,Paradip,20.316,86.6103
Ganga,E,7.35,12.57,31.3,9.76,6.05,216.15,28.14,1139,Kolkata,22.5726,88.3639
Krishna,C,7.76,12.21,24.67,2.18,7.19,397.66,16.32,3914,Vijayawada,16.5062,80.648
Ganga,E,7.87,2.46,15.52,8.42,3.93,402.74,23.08,3203,Kolkata,22.5726,88.3639
Yamuna,A,6.22,9.08,28.75,8.3,1.85,705.18,2.77,327,Uttarkashi,30.7298,78.4434
Mahanadi,A,8.05,7.5,25.81,4.38,9.78,622.1,6.41,3706,Raipur,21.2514,81.6296
Kaveri,C,6.73,2.66,28.82,3.09,3.58,434.81,15.11,4511,Erode,11.341,77.7172
Ganga,D,8.14,14.73,29.7,3.17,4.81,553.06,0.7,3006,Varanasi,25.3176,82.9739
Brahmaputra,B,8.47,4.01,34.43,7.58,6.85,685.52,7.66,3604,Tezpur,26.633,92.8
Narmada,D,8.41,1.94,25.19,7.14,1.22,57.15,15.57,3219,Vadodara,22.3072,73.1812
Yamuna,E,7.66,9.33,19.86,8.26,8.29,352.17,0.55,2552,Prayagraj,25.4358,81.8463
Kaveri,B,7.56,11.34,26.91,9.5,5.83,730.43,8.01,688,Mysuru,12.2958,76.6394
Ganga,C,6.43,1.45,13.57,7.54,3.5,605.23,15.47,1899,Patna,25.5941,85.1376
Krishna,C,8.33,10.22,32.64,3.25,1.55,457.13,17.24,1653,Vijayawada,16.5062,80.648
Brahmaputra,B,6.81,8.45,14.75,3.95,2.46,447.23,27.78,844,Tezpur,26.633,92.8
Brahmaputra,A,7.49,2.45,19.54,8.74,9.06,310.83,19.4,2251,Dibrugarh,27.4728,94.911
Ganga,B,6.85,3.42,30.76,3.67,7.17,440.39,12.5,2365,Kanpur,26.4499,80.3319
Narmada,E,6.4,8.95,25.74,2.58,3.25,541.54,27.92,1678,Bharuch,21.7051,72.9959
Ganga,A,7.89,5.15,21.05,7.63,1.59,363.77,23.57,2563,Rishikesh,30.0869,78.2676
Yamuna,C,6.16,14.14,22.89,5.22,7.22,585.61,6.08,290,Mathura,27.4924,77.6737
Ganga,B,8.25,12.46,31.65,9.36,6.15,695.92,4.01,2772,Kanpur,26.4499,80.3319
Brahmaputra,D,6.95,14.77,19.82,7.2,4.64,166.01,20.31,4713,Goalpara,26.17,90.62
Kaveri,D,6,4.64,32,2.72,4.27,388.66,16.84,4588,Tiruchirappalli,10.7905,78.7047
Ganga,E,7.53,14.58,14.03,9.58,2.95,356.02,23.71,1256,Kolkata,22.5726,88.3639
Narmada,D,6.14,7.04,29.87,4.07,7.03,565.6,22.19,1782,Vadodara,22.3072,73.1812
Mahanadi,B,6.83,5.87,31.49,4.7,9.74,237.4,18.79,2174,Sambalpur,21.4669,83.9812
Kaveri,B,8.12,1.7,16.18,5.22,2.58,530.19,29.59,201,Mysuru,12.2958,76.6394
Krishna,D,6.19,1.74,21.9,2.41,6.37,708.12,16.05,2845,Guntur,16.3067,80.4365
Godavari,B,8.52,10.69,15.81,5.97,4.82,363.6,3.48,2675,Nanded,19.16,77.31
Ganga,E,6.01,7.41,28.25,2.99,5.02,733.26,24.87,2573,Kolkata,22.5726,88.3639
Narmada,A,6.74,4.17,24.31,5.21,3.29,794.87,7.63,316,Amarkantak,22.6744,81.7597
Kaveri,E,8.22,9.6,26.61,4.81,8.43,129.57,23.34,541,Thanjavur,10.787,79.1378
Narmada,E,6.95,4.54,16.52,8.18,5.37,224.79,28.72,4227,Bharuch,21.7051,72.9959
Krishna,B,6.31,9.09,16.87,8.43,5.89,762.78,20.93,2706,Sangli,16.8524,74.5815
Brahmaputra,A,7.08,6.03,12.95,3.23,3.74,768.75,17.92,4697,Dibrugarh,27.4728,94.911
Narmada,B,6.81,12.53,19.41,4.93,2.64,123.28,13.87,68,Jabalpur,23.1815,79.9864
Kaveri,C,8.53,12.49,24.87,4.99,1.77,61.25,11,1583,Erode,11.341,77.7172
Narmada,B,6.94,7.68,31.73,3.21,7.43,170.83,10.65,1150,Jabalpur,23.1815,79.9864
Narmada,B,8.37,5.91,27.34,8.39,2.77,797.01,19.13,1820,Jabalpur,23.1815,79.9864
Narmada,B,8.68,6.08,22.01,7.66,7.21,185,22.56,3208,Jabalpur,23.1815,79.9864
Yamuna,A,7.3,12.28,33.92,3.52,4.51,426.91,20.39,3486,Uttarkashi,30.7298,78.4434
Yamuna,B,8.73,5.59,28.54,4.93,4.74,686.31,6.03,4504,New Delhi,28.6139,77.209
Brahmaputra,A,7.13,3.93,33.39,2.85,5.22,65.3,14.87,2572,Dibrugarh,27.4728,94.911
Ganga,D,8.89,2.19,24.13,7.03,4.31,503.37,23.77,2862,Varanasi,25.3176,82.9739
Narmada,C,6.27,7.53,17.95,2.97,1.91,257.77,14.32,951,Hoshangabad,22.7441,77.7369
Krishna,A,8.06,7.75,13.22,9.89,3.79,696.75,16.15,4633,Mahabaleshwar,17.9307,73.6477
Ganga,D,7.48,12.77,28.7,8.25,6.97,262.6,23.16,1784,Varanasi,25.3176,82.9739
Krishna,A,7.16,4.1,14.79,5.12,6.99,565.07,19.87,1431,Mahabaleshwar,17.9307,73.6477
Ganga,A,7.9,6.33,18.96,6.63,3.58,555.66,12.34,445,Rishikesh,30.0869,78.2676
Brahmaputra,C,8.11,12.32,24.25,9.29,5.14,216.12,26.87,849,Guwahati,26.1445,91.7362
Narmada,E,6.01,12.53,24.98,6.43,2.74,76.1,4.96,4011,Bharuch,21.7051,72.9959
Narmada,E,6.5,6.38,25.81,3.4,2.89,356.94,29.87,4465,Bharuch,21.7051,72.9959
Godavari,A,8.14,7.43,15.82,5.03,1.21,266.89,3.65,4969,Nashik,19.9975,73.7898
Krishna,B,8,5.25,20.73,8.75,9.07,656.73,0.55,2691,Sangli,16.8524,74.5815
Ganga,D,8.9,14.06,26.2,7.15,2.9,650.27,26.71,1660,Varanasi,25.3176,82.9739
Ganga,B,8.28,2.66,34.31,7.21,3.05,392.77,7.42,1255,Kanpur,26.4499,80.3319
Mahanadi,B,8.85,14.07,28.74,8.93,3.52,504.88,21.92,2271,Sambalpur,21.4669,83.9812
Mahanadi,A,8.11,10.57,33.22,9.15,2.15,503.19,24.35,925,Raipur,21.2514,81.6296
Yamuna,A,6.89,8.44,29.53,9.36,6.75,670.37,25.78,2649,Uttarkashi,30.7298,78.4434
Godavari,A,6.32,1.46,25.61,2.76,1.68,368.75,29.75,3899,Nashik,19.9975,73.7898
Kaveri,A,8.35,7.66,16.42,6.35,2.21,256.59,8.89,4491,Kodagu,12.3375,75.8069
Mahanadi,E,7.93,6.71,27.33,7.92,6.8,248.78,21.34,1336,Paradip,20.316,86.6103
Kaveri,A,6.14,3.26,26.34,8.06,4.06,452.14,3.55,3368,Kodagu,12.3375,75.8069
Yamuna,E,7.08,10.19,25.86,6.85,7.37,386.86,12.26,1595,Prayagraj,25.4358,81.8463
Yamuna,E,8.87,14.6,23.27,3.33,6.02,380.09,25.45,3378,Prayagraj,25.4358,81.8463
Yamuna,A,7.5,8.87,24.16,8.38,3.3,118.35,11.09,398,Uttarkashi,30.7298,78.4434
Krishna,C,7.3,11.01,19.69,7.76,6.86,588.95,17.77,2801,Vijayawada,16.5062,80.648
Krishna,D,7.37,1.96,23.94,2.69,2.05,210.3,15.16,3342,Guntur,16.3067,80.4365
Brahmaputra,B,6.63,6.85,16.54,5.71,5.83,197.72,19.41,713,Tezpur,26.633,92.8
Brahmaputra,E,7.11,2.63,30.52,3.39,4.93,359.57,29.19,2830,Dhubri,26.0222,89.9856
Yamuna,D,7.11,9.58,16.27,4.7,3.41,220.83,1.77,4969,Agra,27.1767,78.0081
Godavari,C,6.16,14.14,13.95,2.14,6.44,487.89,17.26,1069,Adilabad,19.6667,78.5333
Ganga,B,8.3,10.26,22.03,5.2,8.84,328.6,25.9,4184,Kanpur,26.4499,80.3319
Krishna,B,7.25,2.08,27.14,6.4,9.99,386.68,14.49,1308,Sangli,16.8524,74.5815
Godavari,E,8.47,5.97,22.07,6.96,6.47,452.88,2.45,1311,Kakinada,16.9891,82.2475
Narmada,A,8.55,8.71,18.37,7.31,4.64,202.65,16.86,683,Amarkantak,22.6744,81.7597
Krishna,C,6.64,6.64,24.84,8.69,3.03,166.81,10.03,2369,Vijayawada,16.5062,80.648
Krishna,E,7.97,12.67,19.98,3.72,3.31,710.32,4.73,4309,Machilipatnam,16.1875,81.1389
Brahmaputra,C,7.42,12.41,33.46,2.96,5.32,375.29,25.49,4122,Guwahati,26.1445,91.7362
Ganga,A,8.64,9.57,33.22,8.81,4.31,359.07,15.7,4581,Rishikesh,30.0869,78.2676
Ganga,A,6.65,6.23,23.55,3.25,9.22,76.71,28,3592,Rishikesh,30.0869,78.2676
Mahanadi,E,8.03,4.57,19.54,9.8,4.31,423.48,24.2,1026,Paradip,20.316,86.6103
Kaveri,A,7.82,2.48,28.95,8.74,4.36,465.63,20.82,219,Kodagu,12.3375,75.8069
Kaveri,D,6.89,5.97,12.84,6.01,4.45,469.13,0.25,508,Tiruchirappalli,10.7905,78.7047
Kaveri,B,6.41,6.78,22.92,9.85,8.53,580.27,12.89,438,Mysuru,12.2958,76.6394
Kaveri,E,7.95,10.46,19.74,2.78,6.86,183.11,6,3649,Thanjavur,10.787,79.1378
Narmada,C,8.22,10.21,33.17,4.42,6.53,239.17,27.33,3161,Hoshangabad,22.7441,77.7369
Narmada,D,6.95,1.98,12.28,7.11,4.01,658.05,5.32,2115,Vadodara,22.3072,73.1812
Krishna,E,7.93,6.53,24.71,4.8,8.36,760.38,8.65,1563,Machilipatnam,16.1875,81.1389
Yamuna,A,7.19,3.54,29.04,9.43,1.35,151.95,15.55,3216,Uttarkashi,30.7298,78.4434
Brahmaputra,A,8.14,3.2,23.16,2.53,8.84,423.24,7.97,2579,Dibrugarh,27.4728,94.911
Brahmaputra,A,6.6,12.58,13.96,6.4,5.61,210.63,6.37,2638,Dibrugarh,27.4728,94.911
Kaveri,A,8.67,1.59,34.37,6.73,4.58,95.05,18.01,1886,Kodagu,12.3375,75.8069
Krishna,C,6.86,6.87,23.91,7.22,5.47,294.13,2.76,1077,Vijayawada,16.5062,80.648
Mahanadi,D,7.1,3.35,26.13,4.05,7.01,157.77,1.84,1516,Bhubaneswar,20.2961,85.8245
Godavari,B,6.17,13.31,17.44,4.92,1.11,582.45,11.23,3023,Nanded,19.16,77.31
Yamuna,C,6.33,8.8,23.12,8.75,8.84,450.29,21.65,1677,Mathura,27.4924,77.6737
Krishna,C,7.55,4.24,21.87,3.56,5.02,157.88,16.69,4598,Vijayawada,16.5062,80.648
Yamuna,B,6.8,8.03,13.72,8.61,4.09,56.93,12.74,4710,New Delhi,28.6139,77.209
Yamuna,B,8.51,11.24,14.44,6.5,2.24,656.12,17.02,4076,New Delhi,28.6139,77.209
Yamuna,A,6.04,14.41,31.26,8.1,4.96,182.15,11.03,957,Uttarkashi,30.7298,78.4434
Krishna,C,7.14,4.09,17.52,7.71,5.47,504.66,28.09,4399,Vijayawada,16.5062,80.648
Kaveri,E,7.01,13.41,16.48,3.66,4.63,302.69,1.74,1181,Thanjavur,10.787,79.1378
Brahmaputra,B,6.06,14.08,23.61,6.55,7.11,489.11,20.23,181,Tezpur,26.633,92.8
Brahmaputra,B,6.37,13.83,29.68,8.94,4.79,286.74,26.75,4636,Tezpur,26.633,92.8
Kaveri,D,7.24,9.9,13.42,5.46,9.65,115.2,24.14,1153,Tiruchirappalli,10.7905,78.7047
Yamuna,E,7.48,9.82,25.27,9.73,6.39,217.21,5.6,1869,Prayagraj,25.4358,81.8463
Godavari,E,7.21,6.64,14.74,5.62,8.27,191.04,8.95,2198,Kakinada,16.9891,82.2475
Ganga,B,7.59,11.53,12.84,3.14,1.98,371.01,21.54,2503,Kanpur,26.4499,80.3319
Krishna,A,7.79,8.44,13.21,5.12,4.58,543.71,2.62,3587,Mahabaleshwar,17.9307,73.6477
Ganga,D,6.03,10.48,31.19,9.61,4.03,247.85,24.37,198,Varanasi,25.3176,82.9739
Mahanadi,E,7.39,7,14.71,4.56,6.13,59.05,21.6,4086,Paradip,20.316,86.6103
Kaveri,B,8.89,11.24,13.04,8.94,8.75,439.2,21.92,167,Mysuru,12.2958,76.6394
Godavari,E,7.56,12.54,22.07,9.05,1.71,504.32,3.1,2727,Kakinada,16.9891,82.2475
Krishna,D,8.03,3.05,31.41,4.8,1.65,772.15,21.56,1980,Guntur,16.3067,80.4365
Kaveri,D,6.94,12.66,18.04,2.67,8.65,492.1,20.43,255,Tiruchirappalli,10.7905,78.7047
Yamuna,C,8.32,8.56,21.7,7.8,2.92,403.38,24.94,2913,Mathura,27.4924,77.6737
Brahmaputra,B,8.32,12.83,12.92,4.49,7.02,480.05,1.34,2805,Tezpur,26.633,92.8
Ganga,D,7.56,7.04,22.33,8.26,5.89,745.93,0.79,3834,Varanasi,25.3176,82.9739
Narmada,C,8.93,6.31,25.29,5.54,8.5,671.28,11.25,2387,Hoshangabad,22.7441,77.7369
Narmada,C,6.38,13.81,25.13,5.88,2.13,292.23,4.55,859,Hoshangabad,22.7441,77.7369
Godavari,E,6.05,4.52,19.65,8.22,2.17,227.94,16.8,1820,Kakinada,16.9891,82.2475
Yamuna,E,8.31,12.82,19.26,5.06,6.01,246.98,27.53,3996,Prayagraj,25.4358,81.8463
Mahanadi,C,8.42,7.78,14.45,5.55,9.52,428.32,11.81,2136,Cuttack,20.4625,85.8828
Ganga,E,6.36,8.2,20.44,5.01,4.73,608.04,25.36,4274,Kolkata,22.5726,88.3639
Yamuna,D,6.8,5.32,14.29,4.94,3.94,427.41,0.11,3040,Agra,27.1767,78.0081
Ganga,A,6.05,9.02,29.63,6.21,6.46,100.85,5.14,2317,Rishikesh,30.0869,78.2676
Godavari,D,6.88,5.55,34.22,8.47,9.37,592.69,1.01,3086,Rajahmundry,17.0005,81.804
Godavari,C,8.32,1.55,34.31,4.89,8.53,654.48,9.91,2354,Adilabad,19.6667,78.5333
Mahanadi,C,7.55,4.81,31.9,6.19,9.96,267.12,27.25,629,Cuttack,20.4625,85.8828
Narmada,D,7.04,1.09,25.82,7.37,1.2,548.09,3,2912,Vadodara,22.3072,73.1812
Yamuna,E,7.12,14.7,28.12,4.16,2.02,369.94,18.23,2417,Prayagraj,25.4358,81.8463
Krishna,E,6,14.52,18.56,4.22,6.49,716.84,13.6,4462,Machilipatnam,16.1875,81.1389
Narmada,C,6.9,6.53,26.51,9.47,8.39,683.92,28.16,3014,Hoshangabad,22.7441,77.7369
Yamuna,B,7.94,11.2,22.48,7.79,3.57,444.07,3.76,3924,New Delhi,28.6139,77.209
Narmada,E,8.92,5.84,23.09,6.62,3.15,568.63,6.44,2496,Bharuch,21.7051,72.9959
Krishna,D,8.54,10.4,29.43,7.18,8.08,712.51,0.98,3412,Guntur,16.3067,80.4365
Brahmaputra,E,6.07,12.28,18.48,2.23,1.51,421.79,13.07,3606,Dhubri,26.0222,89.9856
Brahmaputra,D,8.7,14.25,19.31,6.94,4.32,284.94,8.41,1687,Goalpara,26.17,90.62
Mahanadi,C,8.35,6.6,33.27,6.08,5.55,615.25,26.11,4049,Cuttack,20.4625,85.8828
Brahmaputra,E,8.34,11.97,13.29,6.37,6.04,215.05,18.19,1314,Dhubri,26.0222,89.9856
Brahmaputra,D,7.37,4.72,23.17,4.88,7.56,341.4,18.46,4103,Goalpara,26.17,90.62
Kaveri,C,7.19,14.86,32.99,2.65,4.19,699.3,16,1973,Erode,11.341,77.7172
Ganga,B,6.91,1.36,26.04,3.55,6.51,593.32,2.85,3317,Kanpur,26.4499,80.3319
Kaveri,D,6.2,9.45,24.57,9.61,6.27,352.86,13.41,1371,Tiruchirappalli,10.7905,78.7047
Kaveri,B,6.68,10.23,17.74,5.27,5.93,211.06,29.99,4304,Mysuru,12.2958,76.6394
Mahanadi,B,6.74,10.63,19.9,5.73,6.76,316.98,25.07,1797,Sambalpur,21.4669,83.9812
Kaveri,A,7.45,2.69,31.6,2.42,3.34,263.08,26.81,1083,Kodagu,12.3375,75.8069
Brahmaputra,E,8.24,14.14,24.86,2.3,1.76,182.07,24.71,1175,Dhubri,26.0222,89.9856
Krishna,D,7.42,3.54,23.84,7.74,2.07,607.5,3.18,3609,Guntur,16.3067,80.4365
Mahanadi,B,6.17,9.72,14.29,6.3,3.02,239.05,6.9,2727,Sambalpur,21.4669,83.9812
Mahanadi,A,8.87,4.12,12.37,6.07,5.5,390.63,0.19,3163,Raipur,21.2514,81.6296
Godavari,C,8.83,5.3,34.16,3.94,8.56,339.39,9.17,4136,Adilabad,19.6667,78.5333
Mahanadi,D,8.36,8.65,20.67,7.96,7.31,786.56,3.35,3065,Bhubaneswar,20.2961,85.8245
Godavari,B,8.97,6.84,25.87,3.35,8.1,343.32,14.24,669,Nanded,19.16,77.31
Mahanadi,E,7.63,3.24,13.83,3.52,4.16,109.99,20.35,4652,Paradip,20.316,86.6103
Ganga,A,8.89,3.39,27.71,5.69,4.64,117.37,26.25,2592,Rishikesh,30.0869,78.2676
Brahmaputra,B,6.23,6.85,33.45,4.29,4.54,493.07,22.5,1139,Tezpur,26.633,92.8
Mahanadi,E,7.1,11.6,25.24,3.98,2.73,499.52,28.16,2284,Paradip,20.316,86.6103
Brahmaputra,B,6.68,13.57,14.9,7.16,1.55,364.07,1.71,4476,Tezpur,26.633,92.8
Brahmaputra,D,6.59,2.18,25.38,7.21,6.32,373.88,0.46,1478,Goalpara,26.17,90.62
Narmada,D,6.42,6.5,29.63,8.6,9.9,90.45,19.87,2112,Vadodara,22.3072,73.1812
Mahanadi,D,7.87,2.4,21.35,5.34,2.5,437.41,8.75,3276,Bhubaneswar,20.2961,85.8245
Yamuna,A,8.34,1.23,32.24,2.58,1.42,428.55,7.68,2481,Uttarkashi,30.7298,78.4434
Narmada,D,7.73,10.26,26.92,4.19,8.02,162.16,9.99,1161,Vadodara,22.3072,73.1812
Yamuna,E,6.44,9.43,32.68,9.84,3.27,127.88,8.17,102,Prayagraj,25.4358,81.8463
Brahmaputra,B,8.43,3.28,26.34,6.77,8.47,142.68,15.39,2576,Tezpur,26.633,92.8
Brahmaputra,C,7.91,4.27,15.02,7.68,7.34,125.77,13.26,1291,Guwahati,26.1445,91.7362
Narmada,E,7.16,1.33,19.12,2.06,9.51,507.28,15.42,2910,Bharuch,21.7051,72.9959
